school_id,dep_id,school_name,department_name,depname_abbr,school_group_my,category_id,category_name,basic_class_rank,basic_preference_score,des_class_rank,new_des_score
13,13252,國立交通大學,人文社會學系,交大人文社會,1,2,藝術及人文,104,0.734816,110,464.4430493
40,40092,元智大學,人文社會學院英語學士班,,4,3,社會科學、新聞學及圖書資訊,315,-0.126363,466,368.367222
11,11042,國立清華大學,人文社會學院學士班,清大人社學院,1,2,藝術及人文,39,1.421639,96,467.8470331
108,108122,慈濟大學,人類發展與心理學系,慈濟人類心理,6,3,社會科學、新聞學及圖書資訊,538,-0.603708,649,313.9851187
1,1052,國立臺灣大學,人類學系,臺大人類學系,1,2,藝術及人文,27,1.68387,17,499.1876177
47,47072,世新大學,口語傳播學系,世新口語傳播,5,3,社會科學、新聞學及圖書資訊,358,-0.23751,448,371.9448088
51,51122,長榮大學,土地管理與開發學系,長榮土地管理,6,7,工程、製造及營建,609,-0.755882,715,285.2735443
15,15332,逢甲大學,土地管理學系,逢甲土地管理,4,4,商業、管理及法律,438,-0.404569,443,372.9626049
6,6332,國立政治大學,土耳其語文學系,政大土耳其語,1,2,藝術及人文,86,0.900156,77,474.0659491
14,14042,淡江大學,大眾傳播學系,淡江大傳,4,3,社會科學、新聞學及圖書資訊,472,-0.475377,380,387.2106145
45,45382,義守大學,大眾傳播學系,義守大傳,6,3,社會科學、新聞學及圖書資訊,579,-0.700152,657,309.2260673
65,65052,玄奘大學,大眾傳播學系,玄奘大傳,6,3,社會科學、新聞學及圖書資訊,629,-0.808954,793,241.2516664
17,17482,中國文化大學,大眾傳播學系,文化大傳,6,3,社會科學、新聞學及圖書資訊,704,-1.061274,612,329.0602884
18,18181,靜宜大學,大眾傳播學系,靜宜大傳,6,3,社會科學、新聞學及圖書資訊,709,-1.077353,587,336.2230669
1,1482,國立臺灣大學,工商管理學系企業管理組,臺大工商管理企管,1,4,商業、管理及法律,5,2.717483,5,514.8374636
9,9172,東海大學,工業工程與經營資訊學系(智慧經營與管理),東海工工經營資訊,4,4,商業、管理及法律,229,0.134415,748,271.1563008
153,153132,國立金門大學,工業工程與管理學系,金門工工,3,7,工程、製造及營建,474,-0.479959,468,368.0084339
42,42062,大葉大學,工業工程與管理學系,大葉工工,6,7,工程、製造及營建,617,-0.774212,797,232.6262308
43,43292,中華大學,工業產品設計系(創意生活組),,6,2,藝術及人文,766,-1.402689,761,264.973817
50,50062,實踐大學,工業產品設計學系(臺北校區),實踐工業設計,5,2,藝術及人文,28,1.650178,286,411.5606867
42,42472,大葉大學,工業設計學系,大葉工業設計,6,2,藝術及人文,163,0.395331,705,288.1719439
79,79232,真理大學,工業管理與經營資訊學系,,6,4,商業、管理及法律,630,-0.809506,792,243.5226032
43,43122,中華大學,工業管理學系,中華工管,6,7,工程、製造及營建,666,-0.907929,671,303.4737548
8,8172,中原大學,工業與系統工程學系管理組,中原工業系統管理,4,7,工程、製造及營建,258,0.028243,332,398.8125926
101,101262,國立高雄大學,工藝與創意設計學系,高雄工藝創意設計,3,2,藝術及人文,337,-0.169325,277,413.0643404
51,51242,長榮大學,不動產財務金融學士學位學程,長榮不動產財金,6,4,商業、管理及法律,329,-0.157019,766,263.5138457
36,36162,國立屏東大學,不動產經營學系,屏東不動產,3,4,商業、管理及法律,796,-1.978293,200,437.0787246
99,99112,國立臺北大學,不動產與城鄉環境學系,臺北不動產城鄉,2,4,商業、管理及法律,84,0.908893,106,464.8286098
1,1012,國立臺灣大學,中國文學系,臺大中文,1,2,藝術及人文,10,2.560875,24,493.1633818
6,6012,國立政治大學,中國文學系,政大中文,1,2,藝術及人文,52,1.223968,85,470.9027082
16,16012,國立中央大學,中國文學系,中央中文,2,2,藝術及人文,112,0.651096,117,462.8160021
99,99152,國立臺北大學,中國文學系,臺北中文,2,2,藝術及人文,133,0.520039,109,464.4764976
4,4012,國立成功大學,中國文學系,成大中文,1,2,藝術及人文,247,0.070854,130,459.9406245
27,27012,國立中山大學,中國文學系,中山中文,2,2,藝術及人文,257,0.033198,112,463.4859284
3,3012,國立中興大學,中國文學系,中興中文,2,2,藝術及人文,294,-0.082412,108,464.5455074
18,18081,靜宜大學,中國文學系,靜宜中文,6,3,社會科學、新聞學及圖書資訊,431,-0.391416,490,361.1259948
20,20012,輔仁大學,中國文學系,輔仁中文,4,2,藝術及人文,484,-0.502018,313,403.0955631
9,9012,東海大學,中國文學系,東海中文,4,2,藝術及人文,500,-0.528573,522,353.6395637
47,47242,世新大學,中國文學系,世新中文,5,2,藝術及人文,564,-0.661214,525,352.8606105
41,41012,國立中正大學,中國文學系,中正中文,2,2,藝術及人文,591,-0.727831,174,443.9738137
5,5012,東吳大學,中國文學系,東吳中文,4,2,藝術及人文,653,-0.870519,326,399.9597094
100,100062,國立嘉義大學,中國文學系,嘉義中文,3,2,藝術及人文,673,-0.942913,370,389.8932473
15,15212,逢甲大學,中國文學系,逢甲中文,4,2,藝術及人文,694,-1.025747,480,363.0796585
11,11022,國立清華大學,中國文學系乙組(華語教學組),,1,6,藝術及人文,32,1.507293,128,460.1417812
17,17022,中國文化大學,中國文學系中國文學組,文化中文文學,6,7,藝術及人文,757,-1.350541,702,289.8008073
17,17032,中國文化大學,中國文學系文藝創作組,文化中文文創,6,2,藝術及人文,708,-1.072887,700,290.4904912
11,11012,國立清華大學,中國文學系甲組(一般組),清大中文甲,1,2,藝術及人文,157,0.413241,113,463.3666892
130,130152,佛光大學,中國文學與應用學系,佛光中文應用,6,2,藝術及人文,114,0.645809,765,263.6218552
14,14012,淡江大學,中國文學學系,淡江中文學,4,2,藝術及人文,496,-0.521492,453,371.3195633
35,35082,臺北市立大學,中國語文學系,北市大中語文,3,2,藝術及人文,497,-0.521573,261,418.761754
34,34202,國立東華大學,中國語文學系,東華中語文,3,2,藝術及人文,502,-0.529813,340,395.9529523
58,58012,國立暨南國際大學,中國語文學系,暨南中語文,3,2,藝術及人文,588,-0.720191,321,401.0710919
40,40072,元智大學,中國語文學系,元智中語文,4,2,藝術及人文,647,-0.860441,357,392.5257899
36,36062,國立屏東大學,中國語文學系,屏東中語文,3,2,藝術及人文,744,-1.221104,367,390.666545
2,2072,國立臺灣師範大學,公民教育與活動領導學系,臺師公教活動,2,1,教育,103,0.743102,122,461.8894712
99,99092,國立臺北大學,公共行政暨政策學系,臺北公共行政暨政策,2,4,商業、管理及法律,102,0.754537,102,466.1739157
58,58042,國立暨南國際大學,公共行政與政策學系,,3,4,商業、管理及法律,228,0.142003,312,403.1338749
6,6102,國立政治大學,公共行政學系,政大公共行政,1,4,商業、管理及法律,58,1.184557,45,483.4763496
34,34272,國立東華大學,公共行政學系,東華公共行政,3,4,商業、管理及法律,461,-0.462482,257,419.6849847
14,14252,淡江大學,公共行政學系,淡江公共行政,4,4,商業、管理及法律,604,-0.751086,415,379.1848574
130,130222,佛光大學,公共事務學系(行政管理組),,6,4,商業、管理及法律,498,-0.527628,689,297.5551636
45,45212,義守大學,公共政策與管理學系,義守公共政策,6,4,商業、管理及法律,730,-1.174235,609,330.3766336
38,38092,國立臺東大學,公共與文化事務學系,臺東公共文化,3,3,社會科學、新聞學及圖書資訊,592,-0.728034,232,427.1105598
47,47062,世新大學,公共關係暨廣告學系,世新公關暨廣告,5,4,商業、管理及法律,341,-0.173776,419,378.5823033
23,23212,國立彰化師範大學,公務與公民教育系公民教育組,,3,1,教育,593,-0.73265,170,445.1170345
23,23212,國立彰化師範大學,公務與公民教育系公共事務組,,3,1,教育,99,0.770803,178,443.1374713
32,32062,國立臺北教育大學,心理與諮商學系,北教心理諮商,3,3,社會科學、新聞學及圖書資訊,96,0.785665,153,451.1137785
35,35062,臺北市立大學,心理與諮商學系,北市大心理諮商,3,3,社會科學、新聞學及圖書資訊,327,-0.150146,205,435.6965496
17,17542,中國文化大學,心理輔導學系,文化心理輔導,6,3,社會科學、新聞學及圖書資訊,711,-1.085638,602,332.2336729
130,130202,佛光大學,心理學系,佛光心理,6,3,社會科學、新聞學及圖書資訊,705,-1.061673,594,334.0340285
59,59042,南華大學,文化創意事業管理學系,,6,4,商業、管理及法律,649,-0.864295,710,287.0989023
31,31102,國立臺中教育大學,文化創意產業設計與營運學系,中教文創設計營運,3,2,藝術及人文,376,-0.275649,292,410.3799893
32,32142,國立臺北教育大學,文化創意產業經營學系,北教文創產經,3,2,藝術及人文,113,0.647166,183,442.7768258
36,36082,國立屏東大學,文化創意產業學系,屏東文創產業,3,2,藝術及人文,415,-0.357216,364,390.9323821
151,151212,國立聯合大學,文化創意與數位行銷學系,聯合文創數位,3,2,藝術及人文,371,-0.268225,348,394.2984814
130,130500,佛光大學,文化資產創意系(文化創意組),,6,2,藝術及人文,455,-0.441864,742,274.6068188
130,130500,佛光大學,文化資產創意系(文化觀光組),,6,2,藝術及人文,650,-0.864431,790,247.5669086
38,38022,國立臺東大學,文化資源與休閒產業學系,臺東文化休閒,3,10,服務,396,-0.317886,401,382.8889618
33,33082,國立臺南大學,文化與自然資源學系,臺南文化自然資源,3,3,社會科學、新聞學及圖書資訊,640,-0.839339,247,422.2872995
151,151202,國立聯合大學,文化觀光產業學系,聯合文化觀光產業,3,10,服務,186,0.292213,553,345.874398
59,59112,南華大學,文學系,南華文學,6,2,藝術及人文,539,-0.604308,739,277.2959369
1,1072,國立臺灣大學,日本語文學系,臺大日本語文,1,2,藝術及人文,18,2.043661,23,494.2028549
6,6312,國立政治大學,日本語文學系,政大日本語文,1,2,藝術及人文,145,0.459258,41,484.1877244
5,5082,東吳大學,日本語文學系,東吳日本語文,4,2,藝術及人文,213,0.193586,252,420.8516537
20,20302,輔仁大學,日本語文學系,輔仁日本語文,4,2,藝術及人文,322,-0.142283,274,414.5151576
14,14112,淡江大學,日本語文學系,淡江日本語文,4,2,藝術及人文,361,-0.245869,374,388.7037741
47,47252,世新大學,日本語文學系,世新日本語文,5,2,藝術及人文,520,-0.565512,538,350.0029617
18,18061,靜宜大學,日本語文學系,靜宜日本語文,6,2,藝術及人文,530,-0.583717,552,345.8890582
17,17052,中國文化大學,日本語文學系,文化日本語文,6,2,藝術及人文,767,-1.471488,633,320.0045064
9,9052,東海大學,日本語言文化學系,東海日本文化,4,2,藝術及人文,429,-0.386448,439,374.0990157
4,4042,國立成功大學,台灣文學系,,1,2,藝術及人文,56,1.195512,140,456.197633
18,18121,靜宜大學,台灣文學系,,6,2,藝術及人文,427,-0.381496,483,362.3019159
79,79082,真理大學,台灣文學系,,6,2,藝術及人文,794,-1.918577,697,291.4734642
31,31082,國立臺中教育大學,台灣語文學系,,3,2,藝術及人文,323,-0.143114,407,380.3829832
17,17042,中國文化大學,史學系,文化史學,6,2,藝術及人文,517,-0.562188,644,315.4881329
6,6162,國立政治大學,外交學系,政大外交,1,3,社會科學、新聞學及圖書資訊,20,1.961387,35,487.5237438
1,1022,國立臺灣大學,外國語文學系,臺大外文,1,2,藝術及人文,11,2.556176,15,500.8597964
11,11032,國立清華大學,外國語文學系,清大外文,1,2,藝術及人文,21,1.839722,52,481.15592
4,4022,國立成功大學,外國語文學系,成大外文,1,2,藝術及人文,93,0.818692,83,471.4937149
13,13232,國立交通大學,外國語文學系,交大外文,1,2,藝術及人文,94,0.816678,57,478.6749543
27,27022,國立中山大學,外國語文學系,中山外文,2,2,藝術及人文,170,0.353722,111,464.3124755
3,3022,國立中興大學,外國語文學系,中興外文,2,2,藝術及人文,176,0.334594,134,459.3406192
41,41022,國立中正大學,外國語文學系,中正外文,2,2,藝術及人文,216,0.182255,141,454.7048678
58,58022,國立暨南國際大學,外國語文學系,暨南外文,3,2,藝術及人文,385,-0.301746,303,407.3482214
130,130182,佛光大學,外國語文學系,佛光外文,6,2,藝術及人文,442,-0.412775,732,279.8003898
9,9032,東海大學,外國語文學系,東海外文,4,2,藝術及人文,446,-0.41817,452,371.7478487
150,150012,國立宜蘭大學,外國語文學系,宜蘭外文,3,2,藝術及人文,504,-0.530645,289,410.7618501
15,15222,逢甲大學,外國語文學系,逢甲外文,4,2,藝術及人文,546,-0.611584,470,365.741806
59,59122,南華大學,外國語文學系,南華外文,6,2,藝術及人文,727,-1.159478,718,284.7908073
100,100082,國立嘉義大學,外國語言學系英語教學組,嘉義外語教學,3,2,藝術及人文,712,-1.087864,350,393.7433917
100,100092,國立嘉義大學,外國語言學系應用外語組,嘉義外語應用,3,2,藝術及人文,770,-1.515824,299,408.9105365
5,5232,東吳大學,巨量資料管理學院學位學程,,4,6,資訊通訊科技,481,-0.49601,220,429.8201029
11,11062,國立清華大學,幼兒教育學系,清大幼兒教育,1,1,教育,63,1.10664,135,459.1159657
35,35042,臺北市立大學,幼兒教育學系,北市大幼兒教育,3,1,教育,191,0.279772,296,409.7562518
31,31022,國立臺中教育大學,幼兒教育學系,中教幼兒教育,3,1,教育,333,-0.162533,271,416.0914714
38,38032,國立臺東大學,幼兒教育學系,臺東幼兒教育,3,1,教育,398,-0.32,548,346.4315296
100,100042,國立嘉義大學,幼兒教育學系,嘉義幼兒教育,3,1,教育,525,-0.572701,426,377.0836073
33,33032,國立臺南大學,幼兒教育學系,臺南幼兒教育,3,1,教育,533,-0.590261,408,380.2668421
36,36022,國立屏東大學,幼兒教育學系,屏東幼兒教育,3,1,教育,606,-0.753293,511,356.1515314
59,59102,南華大學,幼兒教育學系,南華幼兒教育,6,1,教育,718,-1.125645,750,270.038405
32,32042,國立臺北教育大學,幼兒與家庭教育學系,北教幼兒家教,3,1,教育,59,1.147673,227,428.2185526
34,34342,國立東華大學,民族語言與傳播學系,東華民族傳播學,3,2,藝術及人文,725,-1.156288,352,393.6079296
6,6152,國立政治大學,民族學系,政大民族學,1,2,藝術及人文,47,1.353305,48,482.660831
41,41292,國立中正大學,犯罪防治學系,中正犯罪防治,2,3,社會科學、新聞學及圖書資訊,286,-0.060681,138,457.8941514
46,46372,銘傳大學,犯罪防治學系(桃園校區),,5,10,服務,450,-0.427178,390,385.9502455
59,59072,南華大學,生死學系社會工作組,南華生死社工,6,2,藝術及人文,512,-0.546781,760,265.2842495
59,59092,南華大學,生死學系諮商組,南華生死諮商,6,2,藝術及人文,290,-0.069826,694,295.49774
59,59082,南華大學,生死學系殯葬服務組,南華生死殯葬,6,2,藝術及人文,363,-0.248952,721,283.4470222
100,100122,國立嘉義大學,生物事業管理學系,嘉義生物事業,3,4,商業、管理及法律,321,-0.142112,327,399.9196628
134,134052,亞洲大學,生物科技系(農業生技管理組),,5,9,醫藥衛生及社會福利,515,-0.557463,518,355.2112679
1,1442,國立臺灣大學,生物產業傳播暨發展學系,臺大生物產業傳播,1,8,農業、林業、漁業及獸醫,13,2.390641,21,497.6452699
46,46573,銘傳大學,生物醫學工程學系專利醫材組,,5,7,工程、製造及營建,441,-0.41142,508,356.9466059
42,42305,大葉大學,生物醫學系(醫藥檢驗管理組),,6,9,醫藥衛生及社會福利,426,-0.37288,659,308.892243
17,17282,中國文化大學,生活應用科學系,文化生活應用,6,10,服務,621,-0.790109,688,297.614292
134,134500,亞洲大學,生資醫學工程系(生醫資訊組),,5,5,自然科學、數學及統計,402,-0.325242,405,381.7605946
134,134500,亞洲大學,生資醫學工程系(醫學工程組),亞洲生醫(工程),5,5,自然科學、數學及統計,519,-0.56444,307,406.1010048
46,46350,銘傳大學,企業管理系企業管理組(台北),銘傳企管企管,5,4,商業、管理及法律,657,-0.879353,196,438.7006297
46,46350,銘傳大學,企業管理系品牌行銷組(台北),銘傳企管品牌行銷,5,4,商業、管理及法律,595,-0.73418,338,396.9928647
46,46350,銘傳大學,企業管理系數位經營組(台北),銘傳企管數位經營,5,4,商業、管理及法律,749,-1.237111,287,411.4558951
6,6212,國立政治大學,企業管理學系,政大企業管理,1,4,商業、管理及法律,35,1.461288,26,491.2106107
2,2312,國立臺灣師範大學,企業管理學系,臺師企業管理,2,4,商業、管理及法律,95,0.7882,74,475.0112448
27,27132,國立中山大學,企業管理學系,中山企業管理,2,4,商業、管理及法律,132,0.528562,97,467.6204632
16,16152,國立中央大學,企業管理學系,中央企業管理,2,4,商業、管理及法律,151,0.440165,92,468.7198644
41,41222,國立中正大學,企業管理學系,中正企業管理,2,4,商業、管理及法律,153,0.436354,131,459.7929058
99,99042,國立臺北大學,企業管理學系,臺北企業管理,2,4,商業、管理及法律,154,0.435145,89,469.4850323
5,5192,東吳大學,企業管理學系,東吳企業管理,4,4,商業、管理及法律,197,0.249948,236,425.9319513
20,20432,輔仁大學,企業管理學系,輔仁企業管理,4,4,商業、管理及法律,224,0.160682,222,429.5430715
23,23162,國立彰化師範大學,企業管理學系,彰師企業管理,3,4,商業、管理及法律,249,0.060199,143,453.4584873
100,100102,國立嘉義大學,企業管理學系,嘉義企業管理,3,4,商業、管理及法律,289,-0.06457,259,419.3137162
3,3052,國立中興大學,企業管理學系,中興企業管理,2,4,商業、管理及法律,306,-0.107847,94,468.1888719
34,34122,國立東華大學,企業管理學系,東華企業管理,3,4,商業、管理及法律,320,-0.137323,344,394.9600475
18,18321,靜宜大學,企業管理學系,靜宜企業管理,6,4,商業、管理及法律,475,-0.482396,627,321.7849009
153,153032,國立金門大學,企業管理學系,金門企業管理,3,4,商業、管理及法律,511,-0.546719,499,359.1599455
14,14212,淡江大學,企業管理學系,淡江企業管理,4,4,商業、管理及法律,611,-0.761658,319,401.4501618
15,15152,逢甲大學,企業管理學系,逢甲企業管理,4,4,商業、管理及法律,686,-1.00124,519,354.9355351
47,47212,世新大學,企業管理學系,世新企業管理,5,4,商業、管理及法律,754,-1.30238,473,365.2989067
79,79242,真理大學,企業管理學系,,6,4,商業、管理及法律,778,-1.651893,731,280.6601806
43,43132,中華大學,企業管理學系,,6,4,商業、管理及法律,787,-1.802086,656,311.6303929
36,36172,國立屏東大學,企業管理學系,屏東企管,3,4,商業、管理及法律,795,-1.93808,233,427.0264441
9,9262,東海大學,企業管理學系(行銷與數位經營組),,4,4,商業、管理及法律,347,-0.202866,484,362.2968633
9,9272,東海大學,企業管理學系(服務創新與經營組),,4,4,商業、管理及法律,262,0.012884,509,356.8350271
9,9282,東海大學,企業管理學系(創業與組織領導組),,4,4,商業、管理及法律,458,-0.446723,505,358.0487685
42,42132,大葉大學,企業管理學系(經營管理組),大葉企管(經營管理),6,4,商業、管理及法律,272,-0.010028,762,264.7336937
50,50122,實踐大學,企業管理學系(臺北校區),實踐企管(臺北),5,4,商業、管理及法律,678,-0.953874,613,328.8264091
42,42132,大葉大學,企業管理學系(數位行銷組),,6,4,商業、管理及法律,760,-1.3774,789,249.8350589
8,8232,中原大學,企業管理學系工商管理組,中原企管工商,4,4,商業、管理及法律,561,-0.652913,355,392.8689635
59,59032,南華大學,企業管理學系行銷與創業組,南華企管行銷創業,6,4,商業、管理及法律,721,-1.139872,709,287.2954851
8,8212,中原大學,企業管理學系服務業管理組,中原企管服務,4,4,商業、管理及法律,342,-0.175931,392,385.4472057
8,8222,中原大學,企業管理學系高科技業管理組,中原企管高科技,4,4,商業、管理及法律,428,-0.38379,361,391.7601549
59,59032,南華大學,企業管理學系經營管理組,南華企管經管,6,4,商業、管理及法律,661,-0.895582,690,296.6797152
36,36152,國立屏東大學,休閒事業經營學系,屏東休閒經營,3,10,服務,769,-1.503154,260,418.8244379
39,39022,國立體育大學,休閒產業經營學系,國體休閒產經,3,10,服務,220,0.16815,512,356.0374396
150,150032,國立宜蘭大學,休閒產業與健康促進學系,宜蘭休閒健康促進,3,10,服務,576,-0.694217,410,379.9425171
134,134312,亞洲大學,休閒遊憩管理系(旅遊事業組),,5,10,服務,521,-0.566192,617,328.2756434
134,134312,亞洲大學,休閒遊憩管理系(餐旅事業組),,5,10,服務,772,-1.556181,603,332.1041959
46,46352,銘傳大學,休閒遊憩管理學系(桃園校區),銘傳休閒遊憩管理(桃園),5,10,服務,451,-0.431275,381,386.8485195
99,99082,國立臺北大學,休閒運動管理學系,臺北休閒運動管理,2,10,服務,121,0.622221,103,465.9992675
134,134501,亞洲大學,光電與通訊學系(光電綠能組),,5,7,工程、製造及營建,597,-0.74149,562,342.6233053
134,134501,亞洲大學,光電與通訊學系(通訊網路組),,5,7,工程、製造及營建,559,-0.64702,571,339.6924075
17,17442,中國文化大學,全球商務學士學位學程,文化全球商務,6,4,商業、管理及法律,418,-0.358182,628,321.0973125
15,15112,逢甲大學,合作經濟暨社會事業經營學系,逢甲合作經濟,4,3,社會科學、新聞學及圖書資訊,693,-1.022323,517,355.221241
6,6112,國立政治大學,地政學系土地資源規劃組,政大地政土地資源,1,4,商業、管理及法律,75,1.005816,53,481.1215486
6,6122,國立政治大學,地政學系土地管理組,政大地政土地管理,1,4,商業、管理及法律,68,1.06634,38,485.3687825
2,2142,國立臺灣師範大學,地理學系,臺師地理,2,3,社會科學、新聞學及圖書資訊,55,1.205435,98,466.9764182
23,23112,國立彰化師範大學,地理學系,彰師地理,3,3,社會科學、新聞學及圖書資訊,250,0.059403,202,436.5024979
22,22132,國立高雄師範大學,地理學系,高師地理,3,3,社會科學、新聞學及圖書資訊,288,-0.063622,206,435.2970709
42,42482,大葉大學,多媒體數位內容學士學位學程,大葉多媒體,6,2,藝術及人文,225,0.146277,803,210.7428203
41,41282,國立中正大學,成人及繼續教育學系,中正成人教育,2,1,教育,125,0.602198,150,451.4336228
11,11480,國立清華大學,竹師教育學院(永續發展組),,1,99,其他,60,1.119752,90,469.1591367
11,11480,國立清華大學,竹師教育學院(雙專長組),,1,99,其他,77,0.980487,81,472.4227549
34,34352,國立東華大學,自然資源與環境學系,東華自然資源環境,3,5,自然科學、數學及統計,388,-0.309025,349,394.0384144
9,9402,東海大學,行政管理暨政策學系,東海行政管理政策,4,4,商業、管理及法律,348,-0.208292,418,378.6206145
47,47162,世新大學,行政管理學系,世新行政管理,5,4,商業、管理及法律,416,-0.357496,503,358.18549
33,33072,國立臺南大學,行政管理學系,臺南行政管理,3,4,商業、管理及法律,501,-0.5296,258,419.4812342
43,43332,中華大學,行政管理學系,中華行政管理,6,4,商業、管理及法律,648,-0.864089,696,293.2177058
17,17232,中國文化大學,行政管理學系,文化行政管理,6,4,商業、管理及法律,751,-1.262215,643,315.7199279
134,134212,亞洲大學,行動商務多媒體系(多媒體組),,5,4,商業、管理及法律,683,-0.9761,579,338.1158342
134,134212,亞洲大學,行動商務多媒體系(商務組),亞洲多媒體(商務),5,4,商業、管理及法律,664,-0.900004,569,340.4165675
36,36142,國立屏東大學,行銷與流通管理學系,屏東行銷流通管理,3,4,商業、管理及法律,803,-2.33538,185,441.9035149
100,100142,國立嘉義大學,行銷與觀光管理學系,嘉義行銷觀光管理,3,4,商業、管理及法律,444,-0.415035,294,410.0569934
3,3082,國立中興大學,行銷學系,中興行銷學,2,4,商業、管理及法律,181,0.307226,95,468.100666
15,15162,逢甲大學,行銷學系,逢甲行銷學,4,4,商業、管理及法律,477,-0.488761,414,379.5493299
101,101012,國立高雄大學,西洋語文學系,高雄西洋語文,3,2,藝術及人文,541,-0.605199,207,435.2807232
20,20292,輔仁大學,西班牙語文學系,輔仁西班牙語文,4,2,藝術及人文,211,0.195799,179,443.0725725
14,14102,淡江大學,西班牙語文學系,淡江西班牙語文,4,2,藝術及人文,292,-0.073574,345,394.620541
18,18041,靜宜大學,西班牙語文學系,靜宜西班牙語文,6,2,藝術及人文,527,-0.580927,625,322.1971213
19,19082,大同大學,材料工程學系,大同材料,5,7,工程、製造及營建,466,-0.468935,515,355.3449805
38,38082,國立臺東大學,身心整合與運動休閒產業學系,,3,10,服務,513,-0.55331,500,358.5966016
22,22122,國立高雄師範大學,事業經營學系,高師事業經營,3,4,商業、管理及法律,563,-0.654173,184,442.6486314
101,101102,國立高雄大學,亞太工商管理學系企業管理組,高雄亞太工商管企管,3,4,商業、管理及法律,319,-0.134499,186,441.883643
32,32092,國立臺北教育大學,兒童英語教育學系,北教兒童英語教育,3,1,教育,204,0.22336,210,434.3439203
108,108102,慈濟大學,兒童發展與家庭教育學系,慈濟兒童家庭教育,6,9,醫藥衛生及社會福利,581,-0.705415,701,289.9519154
20,20382,輔仁大學,兒童與家庭學系,輔仁兒童家庭,4,9,醫藥衛生及社會福利,378,-0.281383,351,393.6094764
20,20522,輔仁大學,宗教學系,輔仁宗教,4,2,藝術及人文,237,0.114843,430,376.341667
50,50052,實踐大學,服裝設計學系(臺北校區),實踐服裝設計(臺北),5,2,藝術及人文,67,1.078649,265,417.932933
108,108132,慈濟大學,東方語文學系中文組,慈濟東方中文,6,2,藝術及人文,726,-1.158343,780,258.4269171
108,108142,慈濟大學,東方語文學系日文組,慈濟東方日文,6,2,藝術及人文,459,-0.453108,751,268.4747249
101,101032,國立高雄大學,東亞語文學系日語組,高雄東亞日語,3,2,藝術及人文,207,0.218171,151,451.4009745
101,101052,國立高雄大學,東亞語文學系越語組,高雄東亞越語,3,2,藝術及人文,445,-0.417977,189,440.5350654
101,101042,國立高雄大學,東亞語文學系韓語組,高雄東亞韓語,3,2,藝術及人文,291,-0.071864,156,450.0304994
2,2302,國立臺灣師範大學,東亞學系,臺師東亞學,2,2,藝術及人文,38,1.427951,133,459.5882119
58,58062,國立暨南國際大學,東南亞學系,暨南東南亞學,3,3,社會科學、新聞學及圖書資訊,227,0.142279,306,406.2482359
6,6372,國立政治大學,法律學系,政大法律,1,4,商業、管理及法律,8,2.611876,20,497.9196322
5,5162,東吳大學,法律學系,東吳法律,4,4,商業、管理及法律,83,0.910835,114,463.2441711
4,4372,國立成功大學,法律學系,成大法律,1,4,商業、管理及法律,141,0.469759,59,478.0962496
3,3102,國立中興大學,法律學系,中興法律,2,4,商業、管理及法律,156,0.416721,71,475.6779946
20,20412,輔仁大學,法律學系,輔仁法律,4,4,商業、管理及法律,160,0.398463,176,443.3626913
101,101062,國立高雄大學,法律學系,高雄法律,3,4,商業、管理及法律,270,-0.00548,162,447.831214
65,65032,玄奘大學,法律學系,玄奘法律,6,4,商業、管理及法律,284,-0.058702,722,283.3618602
9,9512,東海大學,法律學系,東海法律,4,4,商業、管理及法律,309,-0.112616,297,409.3077386
47,47262,世新大學,法律學系,世新法律,5,4,商業、管理及法律,318,-0.131891,330,399.5123179
18,18141,靜宜大學,法律學系,靜宜法律,6,4,商業、管理及法律,417,-0.357972,449,371.9379824
79,79162,真理大學,法律學系,,6,4,商業、管理及法律,735,-1.204741,578,338.4219838
34,34282,國立東華大學,法律學系,東華法律,3,4,商業、管理及法律,758,-1.356131,181,443.0148008
46,46380,銘傳大學,法律學系(台北校區),銘傳法律(台北),5,4,商業、管理及法律,490,-0.514007,347,394.3129007
1,1582,國立臺灣大學,法律學系司法組,臺大法律司法,1,4,商業、管理及法律,6,2.621657,2,519.7968319
99,99022,國立臺北大學,法律學系司法組,臺北法律司法,2,4,商業、管理及法律,46,1.354345,39,485.3587878
41,41262,國立中正大學,法律學系法制組,中正法律法制,2,4,商業、管理及法律,638,-0.823873,129,460.0771116
1,1572,國立臺灣大學,法律學系法學組,臺大法律法學,1,4,商業、管理及法律,4,2.759626,4,515.9667745
99,99012,國立臺北大學,法律學系法學組,臺北法律法學,2,4,商業、管理及法律,37,1.447278,51,481.5326902
17,17172,中國文化大學,法律學系法學組,文化法律法學,6,4,商業、管理及法律,439,-0.405442,570,339.7927942
41,41252,國立中正大學,法律學系法學組,中正法律法學,2,4,商業、管理及法律,551,-0.621474,121,461.9607289
17,17182,中國文化大學,法律學系財經法律組,文化法律財經法律,6,4,商業、管理及法律,495,-0.519484,608,330.4822137
99,99032,國立臺北大學,法律學系財經法組,臺北法律財經法,2,4,商業、管理及法律,53,1.223466,30,488.7237917
1,1592,國立臺灣大學,法律學系財經法學組,臺大法律財經法學,1,4,商業、管理及法律,7,2.616947,1,526.4227174
20,20282,輔仁大學,法國語文學系,輔仁法國語文學,4,2,藝術及人文,175,0.338874,172,444.4402424
16,16032,國立中央大學,法國語文學系,中央法國語文學,2,2,藝術及人文,184,0.297511,88,469.5094992
14,14082,淡江大學,法國語文學系,淡江法國語文學,4,2,藝術及人文,614,-0.769316,431,376.3185217
17,17092,中國文化大學,法國語文學系,文化法國語文學,6,2,藝術及人文,753,-1.294998,661,308.0884439
134,134505,亞洲大學,社工系(心理與家庭社工組),,5,9,醫藥衛生及社會福利,577,-0.695722,526,352.7420059
134,134505,亞洲大學,社工系(醫務與長照社工組),,5,9,醫藥衛生及社會福利,679,-0.958203,524,352.9855417
51,51632,長榮大學,社會工作系(兒少家庭服務組),,6,9,醫藥衛生及社會福利,793,-1.843206,611,329.3578338
51,51642,長榮大學,社會工作系(高齡福利服務組),,6,9,醫藥衛生及社會福利,734,-1.203096,619,326.9808944
18,18101,靜宜大學,社會工作與兒童少年福利學系,靜宜社工兒少福利,6,9,醫藥衛生及社會福利,503,-0.52999,572,339.5082676
1,1212,國立臺灣大學,社會工作學系,臺大社會工作,1,9,醫藥衛生及社會福利,34,1.463701,28,489.2710169
99,99142,國立臺北大學,社會工作學系,臺北社會工作,2,9,醫藥衛生及社會福利,148,0.443948,139,457.7302472
5,5062,東吳大學,社會工作學系,東吳社會工作,4,9,醫藥衛生及社會福利,434,-0.401457,333,398.1919377
9,9432,東海大學,社會工作學系,東海社會工作,4,9,醫藥衛生及社會福利,463,-0.465047,488,361.5755389
153,153162,國立金門大學,社會工作學系,金門社會工作,3,9,醫藥衛生及社會福利,544,-0.609406,477,365.0698994
108,108112,慈濟大學,社會工作學系,慈濟社會工作,6,9,醫藥衛生及社會福利,602,-0.74736,719,284.5958775
65,65012,玄奘大學,社會工作學系,玄奘社會工作,6,9,醫藥衛生及社會福利,615,-0.771754,763,264.1892096
20,20502,輔仁大學,社會工作學系,輔仁社會工作,4,9,醫藥衛生及社會福利,620,-0.786953,315,402.7236834
51,51622,長榮大學,社會工作學系,長榮社工,6,9,醫藥衛生及社會福利,713,-1.095472,564,342.0489929
132,132052,稻江科技暨管理學院,社會工作學系,,6,9,醫藥衛生及社會福利,785,-1.767251,804,200.514439
50,50022,實踐大學,社會工作學系(臺北校區),實踐社會工作(臺北),5,9,醫藥衛生及社會福利,555,-0.638426,584,337.0175979
47,47222,世新大學,社會心理學系,世新社會心理,5,3,社會科學、新聞學及圖書資訊,689,-1.007093,591,335.1286542
58,58032,國立暨南國際大學,社會政策與社會工作學系,暨南社會政策工作,3,9,醫藥衛生及社會福利,384,-0.300175,339,396.6178309
2,2032,國立臺灣師範大學,社會教育學系,臺師社會教育,2,1,教育,118,0.628563,127,460.3592086
36,36092,國立屏東大學,社會發展學系,屏東社會發展,3,3,社會科學、新聞學及圖書資訊,373,-0.273754,325,400.0835424
35,35112,臺北市立大學,社會暨公共事務學系,北市大社會公共事務,3,4,商業、管理及法律,524,-0.571276,160,448.4289689
40,40082,元智大學,社會暨政策科學學系,元智社會政策科學,4,3,社會科學、新聞學及圖書資訊,420,-0.365698,461,369.5223206
41,41102,國立中正大學,社會福利學系,中正社會福利,2,9,醫藥衛生及社會福利,287,-0.0611,192,440.0250112
17,17222,中國文化大學,社會福利學系,文化社會福利,6,9,醫藥衛生及社會福利,613,-0.768044,704,288.8360039
32,32082,國立臺北教育大學,社會與區域發展學系,北教社會區域發展,3,3,社會科學、新聞學及圖書資訊,79,0.960557,197,438.4817527
1,1202,國立臺灣大學,社會學系,臺大社會,1,3,社會科學、新聞學及圖書資訊,44,1.377681,14,501.5608407
6,6082,國立政治大學,社會學系,政大社會,1,3,社會科學、新聞學及圖書資訊,62,1.11456,55,480.1310938
99,99132,國立臺北大學,社會學系,臺北社會,2,3,社會科學、新聞學及圖書資訊,180,0.328422,120,461.9853157
5,5052,東吳大學,社會學系,東吳社會,4,3,社會科學、新聞學及圖書資訊,274,-0.014884,300,407.9970306
27,27202,國立中山大學,社會學系,中山社會,2,3,社會科學、新聞學及圖書資訊,296,-0.083187,124,461.4278434
9,9412,東海大學,社會學系,東海社會,4,3,社會科學、新聞學及圖書資訊,372,-0.269801,471,365.503142
20,20492,輔仁大學,社會學系,輔仁社會,4,3,社會科學、新聞學及圖書資訊,547,-0.612347,305,406.4568097
34,34262,國立東華大學,社會學系,東華社會,3,3,社會科學、新聞學及圖書資訊,585,-0.713886,295,409.7680058
130,130192,佛光大學,社會學暨社會工作學系,,6,3,社會科學、新聞學及圖書資訊,740,-1.212318,675,301.8690967
132,132022,稻江科技暨管理學院,表演藝術學士學位學程,,6,2,藝術及人文,775,-1.609779,806,168.1796489
46,46360,銘傳大學,金融科技應用學士學位學程,,5,4,商業、管理及法律,688,-1.005773,535,350.9427338
101,101132,國立高雄大學,金融管理學系,高雄金管,3,4,商業、管理及法律,91,0.828998,157,449.3373301
99,99052,國立臺北大學,金融與合作經營學系,臺北金融合作經營,2,4,商業、管理及法律,98,0.772333,49,482.5664329
20,20482,輔仁大學,金融與國際企業學系,輔仁金融國企,4,4,商業、管理及法律,149,0.443816,164,447.6352383
6,6182,國立政治大學,金融學系,政大金融,1,4,商業、管理及法律,54,1.211023,16,499.413759
153,153152,國立金門大學,長期照護學系,金門長照,3,9,醫藥衛生及社會福利,362,-0.248711,450,371.8570375
6,6292,國立政治大學,阿拉伯語文學系,政大阿拉伯語文,1,2,藝術及人文,29,1.648293,68,475.8410419
17,17072,中國文化大學,俄國語文學系,文化俄文,6,2,藝術及人文,217,0.180978,685,297.8098813
14,14122,淡江大學,俄國語文學系,淡江俄文,4,2,藝術及人文,353,-0.224531,442,373.0241298
35,35202,臺北市立大學,城市發展學系,北市大城市發展,3,7,工程、製造及營建,187,0.291403,132,459.7569335
16,16292,國立中央大學,客家語文暨社會科學學系,中央客家語社會,2,3,社會科學、新聞學及圖書資訊,41,1.394185,147,452.4288575
8,8302,中原大學,室內設計學系,中原室內設計,4,2,藝術及人文,89,0.841253,228,428.0047486
134,134522,亞洲大學,室內設計學系(住宅空間組),,5,2,藝術及人文,413,-0.355855,266,416.5816992
134,134512,亞洲大學,室內設計學系(商業空間組),,5,2,藝術及人文,677,-0.951767,331,398.9044956
17,17502,中國文化大學,建築及都市設計學系,文化建築都市,6,7,工程、製造及營建,505,-0.532542,605,331.5445247
50,50092,實踐大學,建築設計學系(臺北校區),實踐建築設計(臺北),5,7,工程、製造及營建,30,1.546941,328,399.9175085
43,43232,中華大學,建築與都計學系(建築設計組),,6,7,工程、製造及營建,471,-0.473689,664,305.4677584
43,43508,中華大學,建築與都計學系(都市計畫組),,6,7,工程、製造及營建,722,-1.140688,713,285.9612007
59,59222,南華大學,建築與景觀學系社會組,,6,7,工程、製造及營建,422,-0.369094,636,318.8622614
46,46312,銘傳大學,建築學系(桃園校區),銘傳建築(桃園),5,7,工程、製造及營建,201,0.238592,545,347.572376
101,101072,國立高雄大學,政治法律學系,高雄政治法律,3,4,商業、管理及法律,164,0.390778,182,442.9995254
27,27192,國立中山大學,政治經濟學系,中山政治經濟,2,4,商業、管理及法律,115,0.634107,115,463.2360989
6,6072,國立政治大學,政治學系,政大政治,1,3,社會科學、新聞學及圖書資訊,49,1.339766,54,480.3276117
4,4352,國立成功大學,政治學系,成大政治,1,3,社會科學、新聞學及圖書資訊,82,0.924509,101,466.2226749
41,41132,國立中正大學,政治學系,,2,3,社會科學、新聞學及圖書資訊,155,0.4268,126,460.4214221
5,5042,東吳大學,政治學系,東吳政治,4,3,社會科學、新聞學及圖書資訊,205,0.223347,217,431.4462477
17,17192,中國文化大學,政治學系,文化政治,6,3,社會科學、新聞學及圖書資訊,739,-1.211207,638,318.3560224
1,1182,國立臺灣大學,政治學系公共行政組,臺大政治公共行政,1,3,社會科學、新聞學及圖書資訊,15,2.229733,13,502.0405255
1,1162,國立臺灣大學,政治學系政治理論組,臺大政治理論,1,3,社會科學、新聞學及圖書資訊,14,2.387674,18,499.0365105
9,9382,東海大學,政治學系政治理論組,東海政治理論,4,3,社會科學、新聞學及圖書資訊,399,-0.321823,429,376.5807053
1,1172,國立臺灣大學,政治學系國際關係組,臺大政治國際關係,1,3,社會科學、新聞學及圖書資訊,9,2.59605,8,508.4792011
9,9392,東海大學,政治學系國際關係組,東海政治國際關係,4,3,社會科學、新聞學及圖書資訊,433,-0.396759,385,386.3874984
43,43182,中華大學,科技管理學系,中華科管,6,4,商業、管理及法律,799,-2.119928,781,258.2405573
5,5072,東吳大學,英文學系,東吳英文,4,2,藝術及人文,245,0.077388,262,418.5553731
14,14072,淡江大學,英文學系,淡江英文,4,2,藝術及人文,255,0.044781,334,397.9434156
16,16022,國立中央大學,英美語文學系,中央英美語文,2,2,藝術及人文,100,0.768324,70,475.7570236
38,38062,國立臺東大學,英美語文學系,臺東英美語文,3,2,藝術及人文,407,-0.336484,422,377.6914933
34,34212,國立東華大學,英美語文學系,東華英美語文,3,2,藝術及人文,468,-0.469621,323,400.7726413
108,108152,慈濟大學,英美語文學系,慈濟英美語文,6,2,藝術及人文,565,-0.661971,778,259.0803848
79,79062,真理大學,英美語文學系,,6,2,藝術及人文,641,-0.845031,745,273.6919508
6,6282,國立政治大學,英國語文學系,政大英國語文,1,2,藝術及人文,107,0.682924,43,483.9527326
20,20272,輔仁大學,英國語文學系,輔仁英國語文,4,2,藝術及人文,166,0.376434,149,451.6320148
18,18021,靜宜大學,英國語文學系,靜宜英國語文,6,2,藝術及人文,656,-0.872569,596,333.6516411
17,17082,中國文化大學,英國語文學系,文化英國語文,6,2,藝術及人文,786,-1.792272,660,308.4035417
11,11092,國立清華大學,英語教學系,清大英語教學,1,1,教育,72,1.030199,99,466.7350623
35,35092,臺北市立大學,英語教學系,北市大英語教學,3,1,教育,254,0.050369,221,429.6439929
2,2122,國立臺灣師範大學,英語學系,臺師英語,2,2,藝術及人文,31,1.510607,80,473.3572523
23,23092,國立彰化師範大學,英語學系,彰師英語,3,2,藝術及人文,127,0.549068,188,440.6057334
22,22152,國立高雄師範大學,英語學系,高師英語,3,2,藝術及人文,143,0.462592,219,429.8213672
47,47232,世新大學,英語學系,世新英語,5,2,藝術及人文,612,-0.767419,574,338.9658244
36,36072,國立屏東大學,英語學系,屏東英語,3,2,藝術及人文,632,-0.8128,311,404.2442781
31,31072,國立臺中教育大學,英語學系,中教英語,3,2,藝術及人文,742,-1.21792,225,428.533751
42,42262,大葉大學,英語學系,大葉英語,6,2,藝術及人文,777,-1.64472,774,260.0540936
46,46361,銘傳大學,風險管理與保險系保險行銷組,銘傳風管保險行銷,5,4,商業、管理及法律,542,-0.608111,433,375.4205978
46,46361,銘傳大學,風險管理與保險系風險管理組,銘傳風管保險風管,5,4,商業、管理及法律,747,-1.23477,302,407.3893669
6,6242,國立政治大學,風險管理與保險學系,政大風險管理保險,1,4,商業、管理及法律,45,1.354827,27,490.6423373
14,14182,淡江大學,風險管理與保險學系,淡江風險管理保險,4,4,商業、管理及法律,382,-0.28717,420,378.101509
15,15352,逢甲大學,風險管理與保險學系,逢甲風險管理保險,4,4,商業、管理及法律,491,-0.514234,496,359.6373834
50,50152,實踐大學,風險管理與保險學系(臺北),,5,4,商業、管理及法律,622,-0.792006,482,362.7657521
134,134032,亞洲大學,食品營養保健系(保健化妝組),,5,5,自然科學、數學及統計,556,-0.643182,520,354.1085936
1,1042,國立臺灣大學,哲學系,臺大哲學,1,2,藝術及人文,17,2.113417,29,489.0897356
6,6032,國立政治大學,哲學系,政大哲學,1,2,藝術及人文,50,1.255091,73,475.4282299
41,41042,國立中正大學,哲學系,中正哲學,2,2,藝術及人文,71,1.047557,203,436.1404742
5,5032,東吳大學,哲學系,東吳哲學,4,2,藝術及人文,208,0.213462,368,390.4338838
9,9072,東海大學,哲學系,東海哲學,4,2,藝術及人文,311,-0.118422,559,344.1741594
20,20032,輔仁大學,哲學系,輔仁哲學,4,2,藝術及人文,367,-0.259586,478,364.2426404
17,17012,中國文化大學,哲學系,文化哲學,6,2,藝術及人文,768,-1.471494,679,300.3462331
45,45352,義守大學,娛樂事業管理學系活動策展組,,6,10,服務,432,-0.393499,639,318.0219703
45,45352,義守大學,娛樂事業管理學系影視娛樂組,,6,10,服務,605,-0.752463,681,300.1442298
50,50032,實踐大學,家庭研究與兒童發展系(臺北),,5,9,醫藥衛生及社會福利,401,-0.324475,599,332.9574235
59,59052,南華大學,旅遊管理學系,南華旅遊管理,6,10,服務,480,-0.49331,717,285.0949812
43,43352,中華大學,旅遊與休閒學系,中華旅遊休閒,6,10,服務,578,-0.69626,759,265.4744219
134,134492,亞洲大學,時尚設計系(服飾創意設計組),,5,2,藝術及人文,256,0.039191,561,342.6481844
134,134492,亞洲大學,時尚設計系(時尚服裝設計組),,5,2,藝術及人文,408,-0.338904,440,373.898673
65,65102,玄奘大學,時尚設計學系,玄奘時尚設計,6,2,藝術及人文,761,-1.378604,799,224.4406696
50,50602,實踐大學,時尚設計學系(高雄校區),實踐時尚設計(高雄),5,2,藝術及人文,628,-0.807618,723,283.1040205
21,21242,國立臺灣海洋大學,海洋法政學士學位學程,海洋海洋法政學程,3,4,商業、管理及法律,529,-0.583139,193,439.6465767
21,21262,國立臺灣海洋大學,海洋經營管理學士學位學程,海洋海洋經營學程,3,4,商業、管理及法律,177,0.331197,216,432.3233259
153,153122,國立金門大學,海洋與邊境管理學系,金門海洋邊境,3,4,商業、管理及法律,460,-0.455822,310,404.4931915
21,21232,國立臺灣海洋大學,海洋觀光管理學士學位學程,海洋海洋觀光學程,3,4,商業、管理及法律,331,-0.161066,195,439.5498958
42,42122,大葉大學,消防安全學士學位學程,大葉消防安全學程,6,10,服務,351,-0.221224,791,247.1648248
42,42402,大葉大學,烘焙暨飲料調製學士學位學程,大葉烘焙飲料,6,10,服務,516,-0.560237,795,235.7209776
22,22142,國立高雄師範大學,特殊教育學系,高師特殊教育,3,1,教育,80,0.949511,231,427.2667208
11,11082,國立清華大學,特殊教育學系,清大特殊教育,1,1,教育,111,0.66149,142,453.9387958
31,31032,國立臺中教育大學,特殊教育學系,中教特殊教育,3,1,教育,215,0.18785,320,401.3717637
33,33022,國立臺南大學,特殊教育學系,臺南特殊教育,3,1,教育,280,-0.042592,428,376.8360191
23,23032,國立彰化師範大學,特殊教育學系,彰師特殊教育,3,1,教育,338,-0.172898,245,422.681341
38,38042,國立臺東大學,特殊教育學系,臺東特殊教育,3,1,教育,340,-0.173721,539,349.9395606
34,34312,國立東華大學,特殊教育學系,東華特殊教育,3,1,教育,349,-0.216075,501,358.4465062
100,100032,國立嘉義大學,特殊教育學系,嘉義特殊教育,3,1,教育,435,-0.402659,438,374.1481145
35,35032,臺北市立大學,特殊教育學系,北市大特殊教育,3,1,教育,457,-0.445852,273,414.6838574
8,8342,中原大學,特殊教育學系,中原特殊教育,4,1,教育,627,-0.805747,479,363.5084921
36,36042,國立屏東大學,特殊教育學系,屏東特殊教育,3,1,教育,748,-1.235241,486,361.8772727
79,79342,真理大學,航空事業學系,,6,6,資訊通訊科技,508,-0.54326,749,270.9355847
21,21022,國立臺灣海洋大學,航運管理學系,海洋航運管理,3,10,服務,162,0.397319,175,443.5446035
51,51092,長榮大學,航運管理學系,長榮航運管理,6,10,服務,550,-0.617764,674,302.5378451
46,46363,銘傳大學,財金法律學系(台北校區),銘傳財金法律(台北),5,4,商業、管理及法律,375,-0.274511,359,392.1020983
6,6092,國立政治大學,財政學系,政大財政,1,4,商業、管理及法律,43,1.379328,31,488.5186152
99,99102,國立臺北大學,財政學系,臺北財政,2,4,商業、管理及法律,167,0.370228,61,476.9391211
5,5212,東吳大學,財務工程與精算數學系,東吳財工精算數學,4,4,商業、管理及法律,212,0.195295,190,440.4641654
15,15362,逢甲大學,財務工程與精算學士學位學程,逢甲財工精算學程,4,4,商業、管理及法律,300,-0.093062,437,374.4116014
18,18201,靜宜大學,財務工程學系,靜宜財工,6,4,商業、管理及法律,305,-0.105007,534,351.0158798
46,46364,銘傳大學,財務金融系財務金融組(台北),,5,4,商業、管理及法律,625,-0.804372,285,411.8294998
46,46364,銘傳大學,財務金融系國際金管組(台北),,5,4,商業、管理及法律,548,-0.612928,336,397.4144906
45,45172,義守大學,財務金融管理學系金融管理組,,6,4,商業、管理及法律,691,-1.017718,650,313.8769515
45,45172,義守大學,財務金融管理學系財務管理組,,6,4,商業、管理及法律,707,-1.071743,648,314.0466248
1,1512,國立臺灣大學,財務金融學系,臺大財金,1,4,商業、管理及法律,1,3.752737,6,511.4957651
41,41212,國立中正大學,財務金融學系,中正財金,2,4,商業、管理及法律,179,0.329072,104,465.8955186
16,16192,國立中央大學,財務金融學系,中央財金,2,4,商業、管理及法律,188,0.285669,44,483.7316309
3,3042,國立中興大學,財務金融學系,中興財金,2,4,商業、管理及法律,200,0.244328,66,476.2156084
34,34162,國立東華大學,財務金融學系,東華財金,3,4,商業、管理及法律,248,0.061711,237,425.5440887
8,8272,中原大學,財務金融學系,中原財金,4,4,商業、管理及法律,297,-0.083691,318,401.6122001
9,9312,東海大學,財務金融學系,東海財金,4,4,商業、管理及法律,324,-0.143456,384,386.5431181
14,14142,淡江大學,財務金融學系,淡江財金,4,4,商業、管理及法律,326,-0.146555,264,417.9442542
47,47152,世新大學,財務金融學系,世新財金,5,4,商業、管理及法律,336,-0.166079,563,342.4104614
15,15342,逢甲大學,財務金融學系,逢甲財金,4,4,商業、管理及法律,344,-0.188126,399,383.0274269
151,151172,國立聯合大學,財務金融學系,聯合財金,3,4,商業、管理及法律,370,-0.265287,409,380.1259279
58,58112,國立暨南國際大學,財務金融學系,暨南財金,3,4,商業、管理及法律,443,-0.413062,235,426.2028655
100,100162,國立嘉義大學,財務金融學系,嘉義財金,3,4,商業、管理及法律,571,-0.682253,180,443.044231
79,79182,真理大學,財務金融學系,,6,4,商業、管理及法律,701,-1.048761,743,274.0476927
59,59012,南華大學,財務金融學系,南華財金,6,4,商業、管理及法律,763,-1.393626,680,300.3093576
51,51132,長榮大學,財務金融學系,長榮財金,6,4,商業、管理及法律,773,-1.582155,635,318.9055207
36,36192,國立屏東大學,財務金融學系,屏東財金,3,4,商業、管理及法律,790,-1.828303,165,446.7837045
134,134510,亞洲大學,財務金融學系(投資理財組),,5,4,商業、管理及法律,692,-1.0191,507,356.9999178
42,42242,大葉大學,財務金融學系(投資管理組),大葉財金(投資管理),6,4,商業、管理及法律,436,-0.403539,787,253.9011933
134,134510,亞洲大學,財務金融學系(金融科技組),,5,4,商業、管理及法律,470,-0.47275,530,351.7537332
50,50142,實踐大學,財務金融學系(臺北校區),實踐財金(臺北),5,4,商業、管理及法律,488,-0.509341,589,335.6941544
42,42232,大葉大學,財務金融學系(銀行專業組),大葉財金(銀行),6,4,商業、管理及法律,554,-0.637645,783,257.9028109
17,17422,中國文化大學,財務金融學系金融行銷組,文化財金行銷,6,4,商業、管理及法律,670,-0.928486,621,323.6941844
17,17432,中國文化大學,財務金融學系財務金融組,文化財金財金,6,4,商業、管理及法律,580,-0.702308,645,314.290515
43,43509,中華大學,財務管理系(金融資訊管理組),,6,4,商業、管理及法律,802,-2.329465,686,297.8011077
43,43509,中華大學,財務管理系(財務金融管理組),,6,4,商業、管理及法律,771,-1.544198,669,304.2652246
43,43509,中華大學,財務管理系(會計資訊稅務組),,6,4,商業、管理及法律,789,-1.825157,706,287.964673
6,6232,國立政治大學,財務管理學系,政大財務管理,1,4,商業、管理及法律,22,1.825472,12,503.2948184
27,27152,國立中山大學,財務管理學系,中山財務管理,2,4,商業、管理及法律,76,1.001363,64,476.4650574
15,15102,逢甲大學,財稅學系,逢甲財稅,4,4,商業、管理及法律,469,-0.472677,435,374.6650192
20,20422,輔仁大學,財經法律學系,輔仁財經法律,4,4,商業、管理及法律,226,0.142329,155,450.1777077
101,101082,國立高雄大學,財經法律學系,高雄財經法律,3,4,商業、管理及法律,236,0.115358,137,458.4004024
41,41272,國立中正大學,財經法律學系,中正財經法律,2,4,商業、管理及法律,265,0.007008,75,475.0087031
8,8282,中原大學,財經法律學系,中原財經法律,4,4,商業、管理及法律,364,-0.249464,275,413.820287
134,134362,亞洲大學,財經法律學系(科技法律組),亞洲財經法律(科技),5,4,商業、管理及法律,752,-1.277666,208,434.6443545
134,134362,亞洲大學,財經法律學系(財經法律組),,5,4,商業、管理及法律,646,-0.860301,249,421.9562955
134,134012,亞洲大學,健康產業管理系(健康產業組),,5,9,醫藥衛生及社會福利,158,0.410213,583,337.096996
134,134012,亞洲大學,健康產業管理系(醫療機構組),,5,9,醫藥衛生及社會福利,325,-0.146477,493,359.9331461
132,132032,稻江科技暨管理學院,動畫遊戲設計學系,,6,2,藝術及人文,737,-1.210045,805,179.4441462
46,46283,銘傳大學,動漫文創設計學士學位學程,銘傳動漫文創,5,2,藝術及人文,536,-0.600067,615,328.7472634
31,31052,國立臺中教育大學,區域與社會發展學系,中教區域發展,3,3,社會科學、新聞學及圖書資訊,804,-2.394724,201,436.9246882
46,46282,銘傳大學,商品設計學系(桃園校區),銘傳商品設計,5,2,藝術及人文,266,0.002505,618,327.5327523
36,36132,國立屏東大學,商業自動化與管理學系,屏東商業自動化管理,3,4,商業、管理及法律,805,-2.469667,212,433.6121607
46,46272,銘傳大學,商業設計學系(桃園校區),銘傳商業設計,5,2,藝術及人文,277,-0.037235,581,337.6555591
8,8312,中原大學,商業設計學系商業設計組,,4,2,藝術及人文,219,0.170186,402,382.4407292
2,2112,國立臺灣師範大學,國文學系,臺師國文學,2,2,藝術及人文,48,1.34588,60,477.915615
22,22172,國立高雄師範大學,國文學系,高師國文學,3,2,藝術及人文,221,0.166169,246,422.4303317
23,23102,國立彰化師範大學,國文學系,彰師國文學,3,2,藝術及人文,307,-0.1089,199,437.1680404
33,33052,國立臺南大學,國語文學系,臺南國語文學,3,2,藝術及人文,275,-0.016707,423,377.5871061
58,58152,國立暨南國際大學,國際文教與比較教育學系,暨南國際文教,3,1,教育,317,-0.129582,353,393.1943425
46,46390,銘傳大學,國際企業貿易學位學程(台北),,5,4,商業、管理及法律,473,-0.477832,427,377.0294421
45,45312,義守大學,國際企業經營學系(國際學院),義守國企經營,6,4,商業、管理及法律,199,0.246712,724,282.9747208
17,17372,中國文化大學,國際企業管理學系,文化國企管理,6,4,商業、管理及法律,685,-0.992158,687,297.7543264
50,50341,實踐大學,國際企業管理學系日韓商務組,,5,4,商業、管理及法律,806,-2.92466,565,341.9603011
1,1522,國立臺灣大學,國際企業學系,臺大國企,1,4,商業、管理及法律,2,3.261536,3,518.2416249
58,58072,國立暨南國際大學,國際企業學系,暨南國企,3,4,商業、管理及法律,314,-0.126005,270,416.2317255
31,31092,國立臺中教育大學,國際企業學系,中教國企,3,4,商業、管理及法律,423,-0.36927,223,429.0464691
34,34152,國立東華大學,國際企業學系,東華國企,3,4,商業、管理及法律,492,-0.515122,316,402.0749075
46,46390,銘傳大學,國際企業學系外貿行銷管理組,,5,4,商業、管理及法律,483,-0.49844,446,372.7659569
46,46390,銘傳大學,國際企業學系全球運籌營運組,,5,4,商業、管理及法律,674,-0.943118,403,381.8906674
14,14162,淡江大學,國際企業學系經貿管理組,淡江國企經貿,4,4,商業、管理及法律,543,-0.609368,278,412.7763667
46,46390,銘傳大學,國際企業學系跨境電商經營組,,5,4,商業、管理及法律,486,-0.505553,377,387.7783442
46,46391,銘傳大學,國際事務與外交學士學位學程,,5,4,商業、管理及法律,335,-0.165503,445,372.8245372
59,59192,南華大學,國際事務與企業學系,南華國際事務,6,4,商業、管理及法律,654,-0.87087,752,267.8197771
17,17362,中國文化大學,國際貿易學系,文化國貿,6,4,商業、管理及法律,570,-0.681452,683,298.1000897
79,79192,真理大學,國際貿易學系,,6,4,商業、管理及法律,780,-1.668483,754,267.6274283
36,36182,國立屏東大學,國際貿易學系,屏東國貿,3,4,商業、管理及法律,781,-1.681938,177,443.2266033
6,6172,國立政治大學,國際經營與貿易學系,政大國際經貿,1,4,商業、管理及法律,23,1.820488,19,498.2213372
5,5202,東吳大學,國際經營與貿易學系,東吳國際經貿,4,4,商業、管理及法律,269,-0.003291,161,447.9791667
15,15082,逢甲大學,國際經營與貿易學系,逢甲國際經貿,4,4,商業、管理及法律,350,-0.218247,456,371.0042415
9,9292,東海大學,國際經營與貿易學系,東海國際經貿,4,4,商業、管理及法律,412,-0.348553,494,359.9130073
8,8242,中原大學,國際經營與貿易學系,中原國際經貿,4,4,商業、管理及法律,532,-0.585764,268,416.4780101
50,50212,實踐大學,國際經營與貿易學系(臺北),,5,4,商業、管理及法律,684,-0.98147,614,328.8264091
153,153102,國立金門大學,國際暨大陸事務學系,金門國際大陸事務,3,4,商業、管理及法律,574,-0.686199,360,392.0929692
45,45332,義守大學,國際觀光餐旅學系(國際學院),義守國際觀光餐旅,6,10,服務,194,0.265781,738,278.0047375
42,42392,大葉大學,婚禮企劃暨節慶管理學位學程,,6,10,服務,582,-0.705514,802,215.4341576
2,2022,國立臺灣師範大學,教育心理與輔導學系,臺師教育輔導,2,3,社會科學、新聞學及圖書資訊,116,0.632361,34,487.5615624
36,36052,國立屏東大學,教育心理與輔導學系,屏東教育輔導,3,1,教育,557,-0.644916,356,392.5742187
11,11072,國立清華大學,教育心理與諮商學系,清大教育心諮,1,3,社會科學、新聞學及圖書資訊,514,-0.554201,86,470.5818754
34,34302,國立東華大學,教育行政與管理學系,東華教育行政管理,3,1,教育,494,-0.518947,386,386.3298415
58,58162,國立暨南國際大學,教育政策與行政學系,暨南教育政策行政,3,1,教育,251,0.054749,283,412.1551007
14,14062,淡江大學,教育科技學系,淡江教育科技,4,1,教育,339,-0.17357,566,341.6768545
32,32022,國立臺北教育大學,教育經營與管理學系,北教教育經管,3,1,教育,123,0.607709,251,421.010596
11,11052,國立清華大學,教育與學習科技學系,,1,1,教育,108,0.675424,116,462.8222285
6,6042,國立政治大學,教育學系,政大教育,1,1,教育,36,1.45254,67,475.8616924
31,31012,國立臺中教育大學,教育學系,中教教育,3,1,教育,78,0.976355,243,423.0038378
32,32012,國立臺北教育大學,教育學系,北教教育,3,1,教育,88,0.844143,194,439.5881135
33,33012,國立臺南大學,教育學系,臺南教育,3,1,教育,246,0.077039,388,386.1833796
22,22162,國立高雄師範大學,教育學系,高師教育,3,1,教育,260,0.014327,214,432.9460277
35,35012,臺北市立大學,教育學系,北市大教育,3,1,教育,276,-0.021345,240,424.0710082
38,38012,國立臺東大學,教育學系,臺東教育,3,1,教育,456,-0.442806,506,357.9666575
17,17532,中國文化大學,教育學系,文化教育,6,1,教育,608,-0.755035,629,321.0199555
36,36012,國立屏東大學,教育學系,屏東教育,3,1,教育,639,-0.82789,475,365.165437
100,100012,國立嘉義大學,教育學系,,3,1,教育,762,-1.393487,375,388.6516668
2,2102,國立臺灣師範大學,教育學院學士班,,2,1,教育,65,1.089685,78,473.7620898
34,34332,國立東華大學,族群關係與文化學系,東華族群文化,3,2,藝術及人文,203,0.224728,250,421.5142645
79,79212,真理大學,理財與稅務規劃學系,,6,4,商業、管理及法律,697,-1.030677,772,262.5911729
14,14152,淡江大學,產業經濟學系,淡江產業經濟,4,3,社會科學、新聞學及圖書資訊,346,-0.201795,389,386.0249493
20,20472,輔仁大學,統計資訊學系,輔仁統計資訊,4,5,自然科學、數學及統計,183,0.299235,248,422.1296423
99,99072,國立臺北大學,統計學系,臺北統計,2,5,自然科學、數學及統計,168,0.362315,82,472.2403351
14,14222,淡江大學,統計學系,淡江統計,4,5,自然科學、數學及統計,267,0.002032,395,384.652076
9,9322,東海大學,統計學系(決策管理組),東海統計(決策管理),4,5,自然科學、數學及統計,584,-0.710271,365,390.830006
15,15122,逢甲大學,統計學系商業大數據組,逢甲統計商業大數據,4,5,自然科學、數學及統計,369,-0.261337,441,373.4699151
15,15312,逢甲大學,都市計畫與空間資訊學系,,4,7,工程、製造及營建,391,-0.313582,387,386.3219597
153,153172,國立金門大學,都市計畫與景觀學系,金門都市計畫景觀,3,7,工程、製造及營建,343,-0.1825,469,367.7270914
17,17492,中國文化大學,都市計劃與開發管理學系,文化都市開發,6,7,工程、製造及營建,411,-0.344133,678,300.3526285
46,46322,銘傳大學,都市規劃與防災學系(桃園),銘傳都市規劃防災(桃園),5,7,工程、製造及營建,240,0.104142,546,347.1842879
35,35212,臺北市立大學,都會產業經營與行銷學系,北市大都會經營行銷,3,4,商業、管理及法律,253,0.051095,145,452.841046
134,134472,亞洲大學,創意商品設計系(科技商品組),亞洲創意商品設計,5,2,藝術及人文,135,0.510766,590,335.4727538
134,134472,亞洲大學,創意商品設計系(創意商品組),,5,2,藝術及人文,549,-0.613741,550,346.2358998
45,45392,義守大學,創意商品設計學系文化創意組,義守創意商品設計文創,6,2,藝術及人文,682,-0.966472,729,281.2778492
45,45392,義守大學,創意商品設計學系生活創意組,義守創意商品設計生活創意,6,2,藝術及人文,703,-1.059515,726,282.8788966
134,134532,亞洲大學,創意設計學院國際設計學士班,,5,2,藝術及人文,562,-0.653308,474,365.2688909
41,41122,國立中正大學,勞工關係學系,中正勞工關係,2,3,社會科學、新聞學及圖書資訊,283,-0.056758,173,444.2346062
17,17212,中國文化大學,勞動暨人力資源學系,,6,4,商業、管理及法律,755,-1.304728,682,298.156987
50,50072,實踐大學,媒體傳達設計系創意媒體組,,5,2,藝術及人文,51,1.24679,363,390.9996634
50,50072,實踐大學,媒體傳達設計系數位3D動畫組,,5,2,藝術及人文,26,1.688145,391,385.5712525
6,6302,國立政治大學,斯拉夫語文學系,政大斯拉夫語,1,2,藝術及人文,64,1.097892,63,476.6089669
43,43262,中華大學,景觀建築學系,中華景觀建築,6,7,工程、製造及營建,374,-0.273884,699,290.8123343
8,8332,中原大學,景觀學系,中原景觀,4,7,工程、製造及營建,381,-0.286981,376,388.5423137
17,17522,中國文化大學,景觀學系,文化景觀,6,7,工程、製造及營建,425,-0.371943,668,304.7714437
17,17262,中國文化大學,森林暨自然保育學系,文化森林保育,6,8,農業、林業、漁業及獸醫,360,-0.242082,604,332.066628
34,34192,國立東華大學,華文文學系,東華華文文學,3,2,藝術及人文,308,-0.111874,293,410.2289458
2,2292,國立臺灣師範大學,華語文教學系應用華語文學組,臺師華語教學華語,2,2,藝術及人文,81,0.948077,56,479.6914945
46,46262,銘傳大學,華語文教學學系(桃園校區),,5,2,藝術及人文,366,-0.258889,652,312.8851065
38,38072,國立臺東大學,華語文學系,臺東華語文學,3,2,藝術及人文,662,-0.895675,504,358.0969303
151,151192,國立聯合大學,華語文學系,聯合華語文學,3,2,藝術及人文,699,-1.041848,531,351.7044488
153,153112,國立金門大學,華語文學系,金門華語文學,3,2,藝術及人文,702,-1.05663,476,365.1063762
134,134462,亞洲大學,視覺傳達設計學系,亞洲視覺傳達設計,5,2,藝術及人文,479,-0.492527,467,368.0275506
65,65072,玄奘大學,視覺傳達設計學系廣告設計組,玄奘視覺傳達廣告,6,2,藝術及人文,788,-1.808521,796,233.9580064
65,65082,玄奘大學,視覺傳達設計學系數位媒體組,玄奘視覺傳達數媒,6,2,藝術及人文,230,0.13273,801,220.17121
36,36312,國立屏東大學,視覺藝術學系數位媒體設計組,屏東視覺藝術數媒設計,3,2,藝術及人文,619,-0.784322,393,385.000428
47,47112,世新大學,傳播管理學系,世新傳播管理,5,4,商業、管理及法律,404,-0.330614,523,353.2742193
13,13242,國立交通大學,傳播與科技學系,交大傳播科技,1,3,社會科學、新聞學及圖書資訊,232,0.127299,72,475.4726348
41,41142,國立中正大學,傳播學系,中正傳播學,2,3,社會科學、新聞學及圖書資訊,173,0.350102,159,448.5377116
108,108092,慈濟大學,傳播學系,慈濟傳播學,6,3,社會科學、新聞學及圖書資訊,214,0.188457,712,286.8499941
59,59152,南華大學,傳播學系,南華傳播學,6,3,社會科學、新聞學及圖書資訊,453,-0.438079,728,281.4474948
130,130052,佛光大學,傳播學系(流行音樂傳播組),佛光傳播(流行音樂),6,3,社會科學、新聞學及圖書資訊,558,-0.646548,673,302.6251468
130,130042,佛光大學,傳播學系(廣告公關組),佛光傳播(廣告公關),6,3,社會科學、新聞學及圖書資訊,631,-0.810374,708,287.3262502
130,130032,佛光大學,傳播學系(數位媒體組),佛光傳播(數位媒體),6,3,社會科學、新聞學及圖書資訊,610,-0.761495,734,279.4989078
42,42492,大葉大學,傳播藝術學士學位學程,大葉傳播藝術,6,3,社會科學、新聞學及圖書資訊,676,-0.948417,786,255.0829362
46,46263,銘傳大學,新媒體暨傳播管理學系(台北),,5,3,社會科學、新聞學及圖書資訊,410,-0.343267,516,355.2495933
20,20062,輔仁大學,新聞傳播學系,輔仁新聞傳播,4,3,社會科學、新聞學及圖書資訊,119,0.625531,272,415.2572274
47,47012,世新大學,新聞學系,世新新聞,5,3,社會科學、新聞學及圖書資訊,354,-0.228734,358,392.4686405
17,17452,中國文化大學,新聞學系,文化新聞,6,3,社會科學、新聞學及圖書資訊,598,-0.742975,667,305.0037663
46,46264,銘傳大學,新聞學系(台北校區),銘傳新聞(台北),5,3,社會科學、新聞學及圖書資訊,467,-0.469336,514,355.8229655
51,51072,長榮大學,會計資訊學系,長榮會計資訊,6,4,商業、管理及法律,567,-0.667706,692,296.3840617
79,79172,真理大學,會計資訊學系,,6,4,商業、管理及法律,729,-1.171375,756,267.3583154
50,50242,實踐大學,會計暨稅務學系財富管理組,,5,4,商業、管理及法律,791,-1.829522,665,305.212022
41,41232,國立中正大學,會計與資訊科技學系,中正會計資科,2,4,商業、管理及法律,210,0.203393,105,465.5741742
134,134322,亞洲大學,會計與資訊學系(財稅應用組),,5,4,商業、管理及法律,493,-0.518662,567,340.8166325
134,134322,亞洲大學,會計與資訊學系(管理應用組),,5,4,商業、管理及法律,600,-0.745356,580,337.856523
1,1502,國立臺灣大學,會計學系,臺大會計,1,4,商業、管理及法律,3,2.999515,7,511.0891755
6,6192,國立政治大學,會計學系,政大會計,1,4,商業、管理及法律,40,1.411337,22,494.9278058
4,4272,國立成功大學,會計學系,成大會計,1,4,商業、管理及法律,74,1.007752,42,484.0659331
99,99062,國立臺北大學,會計學系,臺北會計,2,4,商業、管理及法律,85,0.90553,79,473.3771196
23,23172,國立彰化師範大學,會計學系,彰師會計,3,4,商業、管理及法律,110,0.661689,152,451.1210031
3,3072,國立中興大學,會計學系,中興會計,2,4,商業、管理及法律,136,0.5,76,474.2095383
15,15072,逢甲大學,會計學系,逢甲會計,4,4,商業、管理及法律,218,0.174647,398,383.2259827
5,5182,東吳大學,會計學系,東吳會計,4,4,商業、管理及法律,223,0.161229,148,452.1857482
34,34132,國立東華大學,會計學系,東華會計,3,4,商業、管理及法律,233,0.119904,284,412.0995189
8,8252,中原大學,會計學系,中原會計,4,4,商業、管理及法律,244,0.080167,314,403.079526
9,9302,東海大學,會計學系,東海會計,4,4,商業、管理及法律,252,0.051736,406,381.2911593
20,20452,輔仁大學,會計學系,輔仁會計,4,4,商業、管理及法律,263,0.009337,198,437.9858488
14,14202,淡江大學,會計學系,淡江會計,4,4,商業、管理及法律,264,0.007092,281,412.335086
18,18361,靜宜大學,會計學系,靜宜會計,6,4,商業、管理及法律,568,-0.670107,601,332.6905419
17,17382,中國文化大學,會計學系,文化會計,6,4,商業、管理及法律,601,-0.747272,666,305.106158
36,36202,國立屏東大學,會計學系,屏東會計,3,4,商業、管理及法律,779,-1.663959,100,466.3966222
50,50102,實踐大學,會計學系(臺北校區),實踐會計(臺北),5,4,商業、管理及法律,667,-0.908894,606,330.6619987
45,45182,義守大學,會計學系財稅規劃組,義守會計財稅規劃,6,4,商業、管理及法律,672,-0.938963,632,320.3256143
46,46393,銘傳大學,會計學系稅務規劃組(台北),,5,4,商業、管理及法律,714,-1.095838,400,382.9772965
46,46393,銘傳大學,會計學系會計審計組(台北),,5,4,商業、管理及法律,545,-0.609424,373,388.879602
45,45182,義守大學,會計學系管理應用組,義守會計管理應用,6,4,商業、管理及法律,651,-0.869187,651,313.3877426
46,46395,銘傳大學,經濟與金融學系金融理財組,,5,4,商業、管理及法律,623,-0.794021,527,352.7242877
46,46395,銘傳大學,經濟與金融學系應用經濟組,,5,4,商業、管理及法律,715,-1.097772,537,350.3728806
1,1192,國立臺灣大學,經濟學系,臺大經濟,1,3,社會科學、新聞學及圖書資訊,16,2.168025,11,505.7395034
4,4362,國立成功大學,經濟學系,成大經濟,1,3,社會科學、新聞學及圖書資訊,66,1.088838,46,483.0880169
6,6142,國立政治大學,經濟學系,政大經濟,1,3,社會科學、新聞學及圖書資訊,73,1.025424,33,487.9902125
41,41202,國立中正大學,經濟學系,中正經濟,2,3,社會科學、新聞學及圖書資訊,117,0.630955,119,462.0144592
20,20512,輔仁大學,經濟學系,輔仁經濟,4,3,社會科學、新聞學及圖書資訊,147,0.450883,224,429.0254541
99,99122,國立臺北大學,經濟學系,臺北經濟,2,3,社會科學、新聞學及圖書資訊,169,0.35491,87,469.5773101
16,16182,國立中央大學,經濟學系,中央經濟,2,3,社會科學、新聞學及圖書資訊,178,0.32969,58,478.4406175
5,5172,東吳大學,經濟學系,東吳經濟,4,3,社會科學、新聞學及圖書資訊,195,0.265072,226,428.4210226
14,14192,淡江大學,經濟學系,淡江經濟,4,3,社會科學、新聞學及圖書資訊,235,0.117625,324,400.6656627
15,15142,逢甲大學,經濟學系,逢甲經濟,4,3,社會科學、新聞學及圖書資訊,387,-0.305001,458,369.9125423
79,79222,真理大學,經濟學系,,6,4,商業、管理及法律,452,-0.435289,767,263.0525093
58,58082,國立暨南國際大學,經濟學系,暨南經濟,3,3,社會科學、新聞學及圖書資訊,476,-0.486376,279,412.5309516
34,34242,國立東華大學,經濟學系,東華經濟,3,3,社會科學、新聞學及圖書資訊,510,-0.544698,322,400.9378279
47,47202,世新大學,經濟學系,世新經濟,5,3,社會科學、新聞學及圖書資訊,681,-0.961592,610,329.7132322
17,17202,中國文化大學,經濟學系,文化經濟,6,3,社會科學、新聞學及圖書資訊,716,-1.1185,630,321.0032152
9,9362,東海大學,經濟學系一般經濟組,東海經濟一般經濟,4,3,社會科學、新聞學及圖書資訊,589,-0.724546,528,352.4811912
9,9372,東海大學,經濟學系產業經濟組,東海經濟產業經濟,4,3,社會科學、新聞學及圖書資訊,140,0.475535,533,351.5076873
134,134272,亞洲大學,經營管理系(企業創新管理組),,5,4,商業、管理及法律,696,-1.029458,502,358.3393673
134,134272,亞洲大學,經營管理系(國際企業管理組),,5,4,商業、管理及法律,642,-0.848121,498,359.2410322
151,151142,國立聯合大學,經營管理學系,聯合經營管理,3,4,商業、管理及法律,193,0.269459,454,371.2505924
134,134272,亞洲大學,經營管理學系(行銷管理組),,5,4,商業、管理及法律,731,-1.185466,481,362.8661919
33,33092,國立臺南大學,經營與管理學系,臺南經營與管理,3,4,商業、管理及法律,359,-0.239835,276,413.5076086
20,20312,輔仁大學,義大利語文學系,輔仁義大利語,4,2,藝術及人文,139,0.475794,211,434.2362358
18,18302,靜宜大學,資料科學暨大數據分析應用系,,6,6,資訊通訊科技,509,-0.544597,573,339.4636045
134,134518,亞洲大學,資訊工程系(數位遊戲設計組),,5,7,工程、製造及營建,383,-0.295387,455,371.2109973
134,134518,亞洲大學,資訊工程學系(人工智慧組),,5,7,工程、製造及營建,634,-0.817976,290,410.5004422
46,46492,銘傳大學,資訊工程學系(桃園校區),銘傳資工(桃園),5,7,工程、製造及營建,392,-0.313931,432,376.2513321
43,43032,中華大學,資訊工程學系(資訊應用組),,6,7,工程、製造及營建,710,-1.081993,540,349.2067265
59,59252,南華大學,資訊工程學系社會組,南華資工社會,6,7,工程、製造及營建,109,0.662367,647,314.1713152
59,59250,南華大學,資訊工程學系智慧產業樂齡組,南華資工樂齡,6,7,工程、製造及營建,128,0.546827,716,285.1965626
9,9222,東海大學,資訊工程學系數位創意組,,4,7,工程、製造及營建,182,0.304205,354,392.8911756
50,50422,實踐大學,資訊科技與通訊系App設計組,,5,6,資訊通訊科技,720,-1.134243,653,312.8802504
50,50162,實踐大學,資訊科技與管理學系(臺北),,5,6,資訊通訊科技,599,-0.744542,593,334.094519
18,18502,靜宜大學,資訊傳播工程系(動畫設計組),,6,3,社會科學、新聞學及圖書資訊,357,-0.236892,513,355.9597597
18,18502,靜宜大學,資訊傳播工程系(遊戲開發組),,6,3,社會科學、新聞學及圖書資訊,261,0.013887,547,347.0323246
46,46482,銘傳大學,資訊傳播工程學系(桃園校區),,5,6,資訊通訊科技,380,-0.286722,542,348.0219265
14,14052,淡江大學,資訊傳播學系,淡江資訊傳播,4,3,社會科學、新聞學及圖書資訊,192,0.272631,459,369.8147298
47,47082,世新大學,資訊傳播學系,世新資訊傳播,5,3,社會科學、新聞學及圖書資訊,465,-0.466843,397,383.5735632
17,17472,中國文化大學,資訊傳播學系,文化資訊傳播,6,3,社會科學、新聞學及圖書資訊,506,-0.540251,634,319.436818
40,40112,元智大學,資訊傳播學系科技組,元智資訊傳播科技,4,6,資訊通訊科技,268,-0.002159,417,378.7045971
40,40102,元智大學,資訊傳播學系設計組,元智資訊傳播設計,4,6,資訊通訊科技,328,-0.156019,472,365.3810066
19,19092,大同大學,資訊經營學系,大同資訊經營,5,6,資訊通訊科技,499,-0.528559,585,336.9383382
43,43212,中華大學,資訊管理系(手機軟體設計組),,6,6,資訊通訊科技,659,-0.88174,646,314.2484441
43,43222,中華大學,資訊管理系(巨量資料應用組),,6,6,資訊通訊科技,728,-1.160761,655,311.8060292
43,43202,中華大學,資訊管理系(資訊管理應用組),,6,6,資訊通訊科技,759,-1.359389,676,301.5847445
59,59312,南華大學,資訊管理系多媒體行動商務組,南華資管多媒體,6,6,資訊通訊科技,242,0.09976,727,282.1703396
5,5222,東吳大學,資訊管理學系,東吳資管,4,6,資訊通訊科技,159,0.406479,230,427.289599
20,20462,輔仁大學,資訊管理學系,輔仁資管,4,6,資訊通訊科技,161,0.398386,238,425.4453697
151,151152,國立聯合大學,資訊管理學系,聯合資管,3,6,資訊通訊科技,271,-0.005599,371,389.843325
34,34142,國立東華大學,資訊管理學系,東華資管,3,6,資訊通訊科技,279,-0.041801,301,407.7947978
8,8262,中原大學,資訊管理學系,中原資管,4,6,資訊通訊科技,301,-0.093676,254,420.3136787
58,58092,國立暨南國際大學,資訊管理學系,暨南資管,3,6,資訊通訊科技,389,-0.30951,282,412.2254209
101,101122,國立高雄大學,資訊管理學系,高雄資管,3,6,資訊通訊科技,390,-0.309978,163,447.7431511
14,14232,淡江大學,資訊管理學系,淡江資管,4,6,資訊通訊科技,400,-0.32426,378,387.6920098
38,38112,國立臺東大學,資訊管理學系,臺東資管,3,6,資訊通訊科技,566,-0.667554,424,377.3248118
36,36292,國立屏東大學,資訊管理學系,屏東資管,3,6,資訊通訊科技,792,-1.837447,204,435.7291022
9,9342,東海大學,資訊管理學系(物聯網與大數據應用組),,4,6,資訊通訊科技,282,-0.045899,382,386.8317781
9,9342,東海大學,資訊管理學系(數位行銷與電子商務應用組),,4,6,資訊通訊科技,316,-0.127927,411,379.8527652
46,46472,銘傳大學,資訊管理學系巨量資料管理組,,5,6,資訊通訊科技,669,-0.92782,568,340.8118378
46,46472,銘傳大學,資訊管理學系行動商務管理組,,5,6,資訊通訊科技,569,-0.679635,447,372.6603059
79,79262,真理大學,資訊管理學系創新實務組,,6,6,資訊通訊科技,736,-1.206727,771,262.6296176
47,47132,世新大學,資訊管理學系資訊科技組,世新資管資訊科技,5,6,資訊通訊科技,406,-0.335584,597,333.4607998
23,23182,國立彰化師範大學,資訊管理學系資訊管理組,彰師資管資管,3,6,資訊通訊科技,313,-0.122602,136,458.8390469
47,47122,世新大學,資訊管理學系資訊管理組,世新資管資管,5,6,資訊通訊科技,507,-0.541504,582,337.3464989
59,59302,南華大學,資訊管理學系資訊管理組,南華資管資管,6,6,資訊通訊科技,719,-1.129591,741,276.4293764
79,79262,真理大學,資訊管理學系資管應用組,,6,6,資訊通訊科技,587,-0.717489,768,262.9371752
79,79262,真理大學,資訊管理學系電子商務組,,6,6,資訊通訊科技,522,-0.569524,775,259.8231548
47,47142,世新大學,資訊管理學系網路科技組,世新資管網路科技,5,6,資訊通訊科技,302,-0.093749,598,333.4274462
14,14032,淡江大學,資訊與圖書館學系,淡江資訊圖書館,4,3,社會科學、新聞學及圖書資訊,454,-0.441263,560,342.7425407
50,50702,實踐大學,資訊模擬設計系AR/VR科技組,,5,2,藝術及人文,405,-0.335125,658,308.94662
50,50702,實踐大學,資訊模擬與設計系互動遊戲組,,5,2,藝術及人文,572,-0.683505,640,316.8982332
50,50702,實踐大學,資訊模擬與設計系電腦動畫組,,5,2,藝術及人文,765,-1.399897,624,322.6434868
40,40152,元智大學,資訊學院英語學士班,,4,6,資訊通訊科技,365,-0.257095,337,397.0143166
130,130501,佛光大學,資訊應用系(系統智慧應用組),,6,6,資訊通訊科技,534,-0.593413,758,266.2457939
130,130503,佛光大學,資訊應用系(動畫數位內容組),,6,6,資訊通訊科技,478,-0.492425,755,267.4910529
130,130504,佛光大學,資訊應用系(網路與多媒體組),,6,6,資訊通訊科技,394,-0.314692,691,296.5640985
130,130507,佛光大學,資訊應用系(數位遊戲開發組),佛光資訊應用(數位遊戲),6,6,資訊通訊科技,144,0.460373,677,300.3527055
13,13182,國立交通大學,資管與財金學系財務金融組,,1,4,商業、管理及法律,171,0.353324,9,507.6169073
60,60012,國立臺灣體育運動大學,運動事業管理學系,臺體運動管理,3,10,服務,334,-0.165213,510,356.2979833
101,101022,國立高雄大學,運動健康與休閒學系,高雄運動健康休閒學,3,10,服務,234,0.118012,309,404.8708556
79,79292,真理大學,運動資訊傳播學系,,6,10,服務,645,-0.858534,788,251.2879141
60,60032,國立臺灣體育運動大學,運動資訊與傳播學系(傳播組),臺體運動資傳(傳播),3,10,服務,535,-0.59347,215,432.8993395
79,79282,真理大學,運動管理學系,,6,10,服務,706,-1.067612,769,262.7367947
153,153022,國立金門大學,運動與休閒學系,金門運動休閒,3,10,服務,487,-0.508417,436,374.5355443
51,51842,長榮大學,運動競技學系,,6,10,服務,643,-0.851497,777,259.4158264
43,43172,中華大學,運輸科技與物流管理學系,中華運輸科技物流,6,10,服務,741,-1.215736,747,271.7160389
21,21032,國立臺灣海洋大學,運輸科學系A組,海洋運輸A,3,10,服務,243,0.088222,171,444.9907213
14,14242,淡江大學,運輸管理學系,淡江運輸管理,4,10,服務,190,0.284162,464,368.9915138
15,15322,逢甲大學,運輸與物流學系,逢甲運輸物流,4,10,服務,409,-0.342607,497,359.3058577
46,46530,銘傳大學,電子工程學系半導體光電組,,5,7,工程、製造及營建,352,-0.221682,521,353.8862566
46,46530,銘傳大學,電子工程學系計算機應用組,,5,7,工程、製造及營建,419,-0.358239,529,352.229543
46,46532,銘傳大學,電腦與通訊工程學系(桃園),銘傳電腦通訊工程(桃園),5,7,工程、製造及營建,440,-0.405994,558,344.5086781
45,45422,義守大學,電影與電視學系影視技術組,義守電影電視影視技術,6,2,藝術及人文,537,-0.600705,672,303.1846053
45,45422,義守大學,電影與電視學系編導製片組,義守電影電視編導製片,6,2,藝術及人文,698,-1.030884,642,315.9219534
56,56032,國立臺灣藝術大學,電影學系,臺藝電影,2,2,藝術及人文,57,1.190732,154,450.4298846
47,47052,世新大學,圖文傳播暨數位出版學系,世新圖文數位,5,3,社會科學、新聞學及圖書資訊,449,-0.425576,541,348.8385516
56,56012,國立臺灣藝術大學,圖文傳播藝術學系,臺藝圖文藝術,2,3,社會科學、新聞學及圖書資訊,97,0.785552,146,452.5663202
1,1062,國立臺灣大學,圖書資訊學系,臺大圖書資訊,1,3,社會科學、新聞學及圖書資訊,25,1.745051,25,492.7261222
20,20082,輔仁大學,圖書資訊學系,輔仁圖書資訊,4,3,社會科學、新聞學及圖書資訊,295,-0.083013,346,394.549009
13,13202,國立交通大學,管理科學系,交大管理科學,1,4,商業、管理及法律,106,0.716897,37,485.3890215
14,14272,淡江大學,管理科學學系(行銷與流通管理組),,4,4,商業、管理及法律,448,-0.420113,416,379.0625203
14,14272,淡江大學,管理科學學系(事業經營組),淡江管理科學(事業),4,4,商業、管理及法律,421,-0.36686,425,377.1306914
130,130252,佛光大學,管理學系(休閒事業管理組),,6,4,商業、管理及法律,784,-1.735224,773,261.7984402
130,130242,佛光大學,管理學系(行銷與創業組),佛光管理(行創),6,4,商業、管理及法律,575,-0.693032,757,266.9573705
130,130232,佛光大學,管理學系(經營管理組),佛光管理(經管),6,4,商業、管理及法律,663,-0.897854,740,277.2307574
58,58142,國立暨南國際大學,管理學院學士班,,3,4,商業、管理及法律,131,0.530102,304,406.5853862
40,40042,元智大學,管理學院學士班(主修：會計),元智管理學士(會計),4,4,商業、管理及法律,437,-0.404083,366,390.7203505
40,40052,元智大學,管理學院學士班(英語專班),元智管理學士(英語),4,4,商業、管理及法律,222,0.163013,298,409.1935497
38,38172,國立臺東大學,綠色與資訊科技學士學位學程,臺東綠色資訊,3,6,資訊通訊科技,310,-0.114989,362,391.2705406
34,34222,國立東華大學,臺灣文化學系,東華臺灣文化,3,3,社會科學、新聞學及圖書資訊,414,-0.357084,413,379.7366068
151,151182,國立聯合大學,臺灣語文與傳播學系,聯合臺灣語文傳播,3,2,藝術及人文,687,-1.002885,495,359.7175187
2,2152,國立臺灣師範大學,臺灣語文學系,臺師臺灣語文,2,2,藝術及人文,122,0.622214,93,468.3333682
31,31042,國立臺中教育大學,語文教育學系,中教語文教育,3,1,教育,345,-0.193314,269,416.3476778
32,32112,國立臺北教育大學,語文與創作學系文學創作組,北教語文創作文學創作,3,2,藝術及人文,134,0.512234,168,445.4718809
32,32102,國立臺北教育大學,語文與創作學系語文師資組,北教語文創作語文師資,3,2,藝術及人文,101,0.759559,234,426.5946976
100,100022,國立嘉義大學,輔導與諮商學系,嘉義輔導諮商,3,3,社會科學、新聞學及圖書資訊,332,-0.16167,291,410.4901771
20,20072,輔仁大學,廣告傳播學系,輔仁廣告傳播,4,4,商業、管理及法律,70,1.057492,244,422.9525362
46,46397,銘傳大學,廣告暨策略行銷學系(台北),,5,4,商業、管理及法律,690,-1.010232,489,361.2126636
47,47032,世新大學,廣播電視電影學系電視組,世新廣播電視,5,2,藝術及人文,330,-0.160648,263,418.4699493
47,47042,世新大學,廣播電視電影學系電影組,世新廣播電影,5,2,藝術及人文,189,0.28561,253,420.7959952
47,47022,世新大學,廣播電視電影學系廣播組,世新廣播廣播,5,2,藝術及人文,165,0.379122,267,416.5746526
56,56022,國立臺灣藝術大學,廣播電視學系,臺藝廣播電視,2,3,社會科學、新聞學及圖書資訊,90,0.830229,158,448.8440813
46,46398,銘傳大學,廣播電視學系(台北校區),銘傳廣播電視(台北),5,3,社會科學、新聞學及圖書資訊,379,-0.284273,462,369.2398736
20,20052,輔仁大學,影像傳播學系,輔仁影像傳播,4,3,社會科學、新聞學及圖書資訊,105,0.734046,241,423.7546996
5,5092,東吳大學,德國文化學系,東吳德國文化,4,2,藝術及人文,202,0.228114,242,423.1865178
14,14092,淡江大學,德國語文學系,淡江德國語文,4,2,藝術及人文,355,-0.229889,372,389.3389146
20,20322,輔仁大學,德語語文學系,輔仁德語語文,4,2,藝術及人文,172,0.35299,187,441.8431077
47,47092,世新大學,數位多媒體設計系動畫設計組,,5,2,藝術及人文,626,-0.805497,544,347.7957554
47,47102,世新大學,數位多媒體設計系遊戲設計組,,5,2,藝術及人文,231,0.129755,532,351.6581017
38,38052,國立臺東大學,數位媒體與文教產業學系,臺東數位文教,3,1,教育,304,-0.09916,463,369.0426291
6,6362,國立政治大學,歐洲語文學系西班牙文組,政大歐洲西班牙文,1,2,藝術及人文,24,1.808237,36,487.413752
6,6342,國立政治大學,歐洲語文學系法文組,政大歐洲法文,1,2,藝術及人文,61,1.119434,40,484.6018115
6,6352,國立政治大學,歐洲語文學系德文組,政大歐洲德文,1,2,藝術及人文,19,2.00411,32,488.1167371
35,35072,臺北市立大學,學習與媒材設計學系,北市大學習媒材,3,1,教育,137,0.491455,256,420.0413988
18,18532,靜宜大學,寰宇外語教育學士學位學程,靜宜寰外教育學程,6,1,教育,430,-0.3902,637,318.5262946
18,18532,靜宜大學,寰宇管理學士學位學程,靜宜寰管學程,6,4,商業、管理及法律,206,0.218452,663,306.5116392
35,35122,臺北市立大學,歷史與地理學系,北市大歷史地理,3,2,藝術及人文,482,-0.496058,166,446.031669
1,1032,國立臺灣大學,歷史學系,臺大歷史,1,2,藝術及人文,12,2.416096,10,506.792486
4,4032,國立成功大學,歷史學系,成大歷史,1,2,藝術及人文,69,1.064418,84,471.3072291
2,2132,國立臺灣師範大學,歷史學系,臺師歷史,2,2,藝術及人文,87,0.887525,118,462.5175878
6,6022,國立政治大學,歷史學系,政大歷史,1,2,藝術及人文,124,0.603818,50,482.3307357
99,99172,國立臺北大學,歷史學系,臺北歷史,2,2,藝術及人文,138,0.476078,69,475.8095826
34,34232,國立東華大學,歷史學系,東華歷史,3,2,藝術及人文,241,0.100597,280,412.4491012
41,41032,國立中正大學,歷史學系,中正歷史,2,2,藝術及人文,281,-0.043666,125,460.4577233
5,5022,東吳大學,歷史學系,東吳歷史,4,2,藝術及人文,285,-0.059085,218,430.1292331
3,3032,國立中興大學,歷史學系,中興歷史,2,2,藝術及人文,368,-0.261286,144,453.3931596
14,14022,淡江大學,歷史學系,淡江歷史,4,2,藝術及人文,377,-0.276905,451,371.7890527
9,9042,東海大學,歷史學系,東海歷史,4,2,藝術及人文,393,-0.314186,485,362.274322
20,20022,輔仁大學,歷史學系,輔仁歷史,4,2,藝術及人文,397,-0.31911,329,399.8851338
58,58052,國立暨南國際大學,歷史學系,暨南歷史,3,2,藝術及人文,652,-0.870424,460,369.5950953
46,46392,銘傳大學,諮商與工商心理學系(桃園),銘傳諮商工商心理(桃園),5,3,社會科學、新聞學及圖書資訊,655,-0.871981,549,346.298906
33,33042,國立臺南大學,諮商與輔導學系,臺南諮商輔導,3,3,社會科學、新聞學及圖書資訊,312,-0.120419,255,420.2804729
31,31062,國立臺中教育大學,諮商與應用心理學系,中教諮商應用心理,3,3,社會科學、新聞學及圖書資訊,635,-0.819407,209,434.5578226
9,9472,東海大學,餐旅管理學系,東海餐管,4,10,服務,238,0.112325,554,345.4928517
20,20372,輔仁大學,餐旅管理學系,輔仁餐管,4,10,服務,303,-0.09906,369,390.3120688
42,42372,大葉大學,餐旅管理學系,大葉餐管,6,10,服務,671,-0.938597,776,259.5623259
43,43342,中華大學,餐旅管理學系,,6,10,服務,732,-1.189281,784,257.6195484
65,65122,玄奘大學,餐旅管理學系,玄奘餐管,6,10,服務,743,-1.21923,800,223.5689882
46,46362,銘傳大學,餐旅管理學系(桃園校區),,5,10,服務,464,-0.466269,487,361.8746177
45,45252,義守大學,餐旅管理學系旅館管理組,,6,10,服務,531,-0.58424,730,280.9211263
45,45252,義守大學,餐旅管理學系餐飲管理組,,6,10,服務,624,-0.794731,707,287.5930914
50,50042,實踐大學,餐飲管理學系(臺北校區),實踐餐管(臺北),5,10,服務,447,-0.418364,592,335.0545691
50,50641,實踐大學,應用中文系文化傳播組(高雄),,5,2,藝術及人文,801,-2.201618,586,336.4750308
50,50641,實踐大學,應用中文系文創設計組(高雄),,5,2,藝術及人文,700,-1.043349,622,323.4221997
50,50641,實踐大學,應用中文系劇本創作組(高雄),,5,2,藝術及人文,616,-0.772958,631,320.9572268
46,46250,銘傳大學,應用中國文學系文教組(桃園),銘傳應用中文文教(桃園),5,2,藝術及人文,724,-1.151431,595,333.8224366
46,46250,銘傳大學,應用中國文學系文創組(桃園),銘傳應用中文文創(桃園),5,2,藝術及人文,523,-0.569713,576,338.6523823
65,65022,玄奘大學,應用心理學系,玄奘應用心理,6,3,社會科學、新聞學及圖書資訊,636,-0.820253,725,282.92858
50,50642,實踐大學,應用日文學系(高雄校區),實踐應用日文(高雄),5,2,藝術及人文,797,-2.01984,536,350.7651352
65,65112,玄奘大學,應用日語學系,,6,2,藝術及人文,633,-0.815301,794,237.6048364
45,45372,義守大學,應用日語學系,,6,2,藝術及人文,675,-0.943477,623,323.2608677
79,79072,真理大學,應用日語學系,,6,2,藝術及人文,695,-1.026999,698,291.3962864
42,42272,大葉大學,應用日語學系,大葉應用日語,6,2,藝術及人文,756,-1.336767,798,232.0901178
36,36112,國立屏東大學,應用日語學系,屏東應用日語,3,2,藝術及人文,783,-1.706307,229,427.7245816
46,46252,銘傳大學,應用日語學系(桃園校區),銘傳應用日語(桃園),5,2,藝術及人文,596,-0.734341,551,345.9801415
43,43302,中華大學,應用日語學系(商務組),,6,2,藝術及人文,552,-0.634894,684,298.0721469
43,43302,中華大學,應用日語學系(語文組),,6,2,藝術及人文,462,-0.464837,714,285.897093
43,43302,中華大學,應用日語學系(觀光組),,6,2,藝術及人文,764,-1.397245,735,279.1419018
8,8352,中原大學,應用外國語文學系,中原應用外國文,4,2,藝術及人文,424,-0.369835,317,401.8182945
26,26172,中山醫學大學,應用外國語言學系,中山醫應用外國語,4,2,藝術及人文,526,-0.579982,341,395.2270419
99,99162,國立臺北大學,應用外語學系,臺北應用外語,2,2,藝術及人文,130,0.535541,62,476.9025639
19,19122,大同大學,應用外語學系,大同應用外語,5,2,藝術及人文,540,-0.604612,555,345.3839299
40,40062,元智大學,應用外語學系,元智應用外語,4,2,藝術及人文,668,-0.926463,394,384.9253152
50,50192,實踐大學,應用外語學系(臺北校區),實踐應用外語(臺北),5,2,藝術及人文,665,-0.904767,557,344.5177466
59,59142,南華大學,應用社會學系社會工作組,南華應社社工,6,3,社會科學、新聞學及圖書資訊,607,-0.754933,733,279.693337
59,59132,南華大學,應用社會學系社會學組,南華應社社會,6,3,社會科學、新聞學及圖書資訊,146,0.451039,744,273.8468536
20,20562,輔仁大學,應用美術學系,輔仁應用美術,4,2,藝術及人文,174,0.349549,343,395.0277153
46,46253,銘傳大學,應用英語系英語商務與觀光組,銘傳應用英語商務觀光,5,2,藝術及人文,733,-1.20248,620,325.3529449
46,46253,銘傳大學,應用英語系教學與文化溝通組,,5,2,藝術及人文,723,-1.142628,616,328.5615848
153,153012,國立金門大學,應用英語學系,金門應用英語,3,2,藝術及人文,560,-0.648652,465,368.8958504
45,45362,義守大學,應用英語學系,,6,2,藝術及人文,745,-1.221992,695,294.9308437
36,36102,國立屏東大學,應用英語學系,屏東應用英語,3,2,藝術及人文,800,-2.169331,167,445.5566579
50,50482,實踐大學,應用英語學系(高雄校區),實踐應用英語(高雄),5,2,藝術及人文,782,-1.683849,641,316.3394935
63,63022,國立臺南藝術大學,應用音樂學系,南藝應用音樂,3,2,藝術及人文,129,0.53633,308,405.2535271
51,51692,長榮大學,應用哲學系(公共參與組),,6,2,藝術及人文,738,-1.210403,779,258.8614903
51,51692,長榮大學,應用哲學系(社會關懷組),,6,2,藝術及人文,798,-2.042623,746,272.4924843
8,8362,中原大學,應用華語文學系,中原應用華語,4,2,藝術及人文,637,-0.822866,404,381.8290718
150,150022,國立宜蘭大學,應用經濟與管理學系,宜蘭應用經管,3,4,商業、管理及法律,259,0.020632,335,397.7495141
101,101092,國立高雄大學,應用經濟學系,高雄應用經濟,3,3,社會科學、新聞學及圖書資訊,142,0.463453,169,445.3397347
100,100112,國立嘉義大學,應用經濟學系,嘉義應用經濟,3,3,社會科學、新聞學及圖書資訊,395,-0.31478,213,433.4510755
130,130262,佛光大學,應用經濟學系(財務金融組),佛光應用經濟(財務),6,3,社會科學、新聞學及圖書資訊,528,-0.581305,711,286.8815148
130,130282,佛光大學,應用經濟學系(國際商務組),佛光應用經濟(國際商務),6,3,社會科學、新聞學及圖書資訊,590,-0.727225,785,256.8618777
100,100072,國立嘉義大學,應用歷史學系,嘉義應用歷史,3,2,藝術及人文,680,-0.961273,288,411.0998424
46,46400,銘傳大學,應統與資料科學系大數據組,,5,5,自然科學、數學及統計,594,-0.733779,575,338.7179218
46,46400,銘傳大學,應統與資料科學系應用統計組,,5,5,自然科學、數學及統計,553,-0.636389,543,347.9469911
17,17552,中國文化大學,戲劇學系,文化戲劇,6,2,藝術及人文,299,-0.091886,383,386.6666756
42,42102,大葉大學,環境工程學系(社會組),大葉環工,6,7,工程、製造及營建,603,-0.748771,753,267.7984281
51,51482,長榮大學,環境與食安檢驗學程(安管組),長榮環境食安檢驗,6,7,工程、製造及營建,196,0.254512,737,278.52049
6,6322,國立政治大學,韓國語文學系,政大韓國語文,1,2,藝術及人文,33,1.467994,47,482.8876834
17,17062,中國文化大學,韓國語文學系,文化韓國語文,6,2,藝術及人文,717,-1.119548,577,338.5325676
20,20342,輔仁大學,織品服裝學系服飾設計組,輔仁織品服裝服飾,4,2,藝術及人文,120,0.624072,379,387.3644503
20,20352,輔仁大學,織品服裝學系織品服飾行銷組,輔仁織品服裝行銷,4,2,藝術及人文,185,0.296782,396,383.9931479
20,20332,輔仁大學,織品服裝學系織品設計組,輔仁織品服裝設計,4,2,藝術及人文,150,0.442654,421,377.8769052
51,51582,長榮大學,翻譯學系,長榮翻譯,6,2,藝術及人文,618,-0.778041,720,284.0247041
51,51300,長榮大學,醫務管理系(長照機構管理組),,6,4,商業、管理及法律,644,-0.852564,736,278.8091582
51,51300,長榮大學,醫務管理系(健康資訊管理組),,6,4,商業、管理及法律,660,-0.895185,607,330.5111553
51,51300,長榮大學,醫務管理系(醫院經營管理組),,6,4,商業、管理及法律,776,-1.635744,670,303.508276
109,109102,臺北醫學大學,醫務管理學系,北醫醫務管理,4,4,商業、管理及法律,152,0.437648,107,464.613035
45,45222,義守大學,醫務管理學系,義守醫務管理,6,4,商業、管理及法律,386,-0.302313,588,335.7245547
26,26192,中山醫學大學,醫學社會暨社會工作學系,中山醫醫學社工,4,9,醫藥衛生及社會福利,356,-0.229927,492,360.2686549
108,108052,慈濟大學,醫學資訊學系,慈濟醫學資訊,6,6,資訊通訊科技,518,-0.563358,654,312.5160625
26,26212,中山醫學大學,醫療產業科技管理學系,中山醫醫療科管,4,4,商業、管理及法律,750,-1.256763,342,395.1598243
63,63012,國立臺南藝術大學,藝術史學系,南藝藝術史,3,2,藝術及人文,298,-0.08766,457,370.83455
34,34392,國立東華大學,藝術創意產業學系,東華藝術創意產業,3,2,藝術及人文,273,-0.011791,434,374.9480466
40,40242,元智大學,藝術與設計學系,元智藝術設計,4,2,藝術及人文,489,-0.512098,556,345.2702201
11,11552,國立清華大學,藝術與設計學系設計組,清大藝術設計設計,1,2,藝術及人文,198,0.247983,91,469.1107207
11,11542,國立清華大學,藝術與設計學系創作組,清大藝術設計創作,1,2,藝術及人文,239,0.109752,123,461.4637432
32,32162,國立臺北教育大學,藝術與造形設計學系設計組,北教藝術造形設計設計,3,2,藝術及人文,126,0.556909,191,440.3587738
32,32332,國立臺北教育大學,藝術與造形設計學系藝術組,,3,2,藝術及人文,92,0.827743,239,424.683322
11,11522,國立清華大學,藝術學院學士班,,1,2,藝術及人文,42,1.384593,65,476.3400537
42,42352,大葉大學,藥用植物保健系(藥粧經絡組),大葉藥用植物保健,6,9,醫藥衛生及社會福利,209,0.208206,770,262.6400273
42,42412,大葉大學,護理學系,大葉護理學,6,9,醫藥衛生及社會福利,485,-0.505345,693,295.8011754
38,38212,國立臺東大學,體育學系,臺東體育,3,1,教育,586,-0.714417,626,321.8509249
17,17392,中國文化大學,觀光事業學系,文化觀光事業,6,10,服務,583,-0.705778,662,307.1912047
79,79302,真理大學,觀光事業學系,,6,10,服務,746,-1.231988,703,289.5972451
46,46342,銘傳大學,觀光事業學系(桃園校區),,5,10,服務,573,-0.684951,444,372.8422954
42,42362,大葉大學,觀光旅遊學系,大葉觀光旅遊,6,10,服務,658,-0.880905,764,263.8104207
34,34172,國立東華大學,觀光暨休閒遊憩學系,東華觀光休閒遊憩,3,10,服務,293,-0.077626,412,379.7490036
153,153072,國立金門大學,觀光管理學系,金門觀光管理,3,10,服務,403,-0.330568,491,360.4314923
43,43362,中華大學,觀光與會展活動學系,,6,10,服務,774,-1.591031,782,258.0816128
47,47172,世新大學,觀光學系餐旅經營管理組,世新觀光餐旅經營,5,10,服務,278,-0.040142,600,332.8314217
